9.837406612805335016e+00,-1.937720954874912736e-04,-2.027755326474595143e-04,-7.037901871394608650e-04,7.239076052179754328e-04,-2.391978254457054881e-04,-1.975473820150282916e-04,-2.577974290757982598e-05,-6.190431053392983756e-05,6.078258045537838269e-04,-1.420727068756842660e-04,9.163536343113963360e-05,1.137492474442320213e-03,-2.393328935855701649e-03,-1.451007266533165798e-03,9.080966799542315379e-05,7.639940397521046474e-04,1.035580827600842595e-03,1.182223451873937181e-05,-1.029441943279532472e-03,1.936505825391104463e-04,-2.656332673741035799e-04,-8.754907714417562142e-05,1.101497012301856041e-04,2.699407329731153427e-04,1.264793190122740689e-04,3.465237793645405714e-04,-3.057373915660919323e-04,2.949725631656967555e-04,3.838905784782684462e-05,3.393554498512178601e-04,-1.620676535968710100e-03,1.052316844459221055e-03,3.006776568117185307e-03,6.658837173677324174e-04,1.755668662854384388e-03,-6.733576253339541851e-04,-1.502077707476745906e-03,7.038164900316870067e-05,-2.673013341666134420e-04,-7.213914455989489530e-04,-6.112122606877787388e-06,9.788900159099938366e-05,-2.139030825306893562e-04,-1.399725785410811251e-04,6.039623590192834748e-04,5.761570438782143144e-04,9.449166934332599299e-03,-1.434793709145343321e-03,2.444974005649733217e-04,2.916853116707134042e-04,4.004692606888817538e-05,2.318494693573812306e-04,4.348416622038488773e-05,1.461483234511048459e-04,-2.481811723174277839e-05,-1.514420028906945785e-05,1.028298785437937318e-05,1.153471485939026501e-05,1.331399660447783522e-04,-6.129168868270998445e-04,-9.907812812699734982e-05,5.067197239507489833e-05,4.421466238955703296e-04,2.811686802628340616e-04,-1.611433549987858051e-04,7.913845004417003519e-05,8.313639212667009492e-05,2.617727654766873130e-04,2.476384629591994735e-03,-1.703264069750794999e-04,2.035294110692208267e-04,-1.009840345871409930e-04,3.642029126942301638e-05,-2.132083315659966593e-06,-9.489775685471107491e-05,-1.287755456136489059e-04,-1.321780477991768826e-04,8.083665599013663619e-03,-5.871780809119476335e-03,-1.715803148001871989e-02,-1.134578903654259209e-02,1.604888912624088341e-03,-1.671775431910005501e-03
-1.937720954874912736e-04,1.019839742759382339e+01,3.949522270741379038e-05,3.851391781589787264e-04,-2.067002661362903971e-04,-1.311754397677790266e-03,-1.613320843100771824e-04,-9.644463643135037234e-04,8.277188552938269384e-04,-2.764675579929910267e-04,-3.460894852582279682e-04,1.880688879125902001e-03,-6.916769618873565588e-04,3.936867773887846094e-04,-2.441376097192232545e-04,-1.019909850922921801e-04,5.685836231201536750e-05,5.830607355257460406e-04,-3.507998261721659988e-04,-1.276043861680232951e-03,-1.056339940906283331e-03,-7.405580806934836807e-04,2.435467200009209469e-04,6.820982958955924391e-04,3.691474210699952855e-04,4.150260399890266100e-05,-1.437776031899103135e-03,-2.621703885387401817e-04,-4.762436393014620839e-04,-4.372725294101344889e-04,8.502836114901391948e-04,5.148619227665943501e-03,-5.195779163762297972e-04,-3.070290866554260031e-04,5.822348829719490790e-04,1.889009531318959836e-04,-1.181417350303004196e-03,-8.503669686551893619e-03,1.043115333482251745e-04,-4.959289109708220778e-04,2.300874882629174237e-04,-1.939414526856737147e-04,4.668306556177928579e-04,-1.059977426040657322e-04,1.022428861001709277e-04,-1.235700016640176382e-03,-6.027539420900913242e-03,-1.065668366012802182e-05,7.086665249763021701e-04,1.213493546622747884e-04,-3.264611339226401905e-03,5.024017856012936295e-04,-3.166352847656588140e-04,5.002876677814032020e-05,-3.700632000703710884e-05,-2.017810806849873895e-06,6.483773131498449249e-04,9.215871656576443000e-03,1.401733751351515352e-03,-9.711960994518353471e-04,5.550855942238266949e-04,2.194957114409845297e-03,3.703218827153050789e-03,6.197144872293501236e-04,-1.307994745461462348e-03,-9.687064997778403741e-06,1.063959306183643282e-03,-3.745482167703045526e-04,1.038880235752432171e-03,4.464747555122640377e-03,1.966352250663219118e-03,8.535403623995019176e-05,2.762064652462463521e-05,4.033169014991606801e-05,-1.613778072309596582e-04,-1.747949230141037139e-05,-2.103744301490232548e-05,-1.006669418853525371e-04,6.264719207250085339e-03,1.642967209175437773e-03,-1.103413501603943067e-02,2.135904813033165633e-03,1.440558715079624623e-03,1.149792181967768286e-03
-2.027755326474595143e-04,3.949522270741379038e-05,1.019839737520734779e+01,9.565889467191589831e-04,-7.717636876285469474e-04,-2.441825442070682584e-04,-7.244407450027643097e-06,-1.081532489221409543e-03,4.752446080881073120e-04,-5.933131186154780518e-04,-8.164747695523009823e-04,9.256652829522226279e-04,1.560891012693452207e-03,1.728734769001287995e-04,-5.844684342581497188e-04,-3.466378690440349852e-05,-3.463684740714935428e-04,1.744675596481847640e-04,-2.825243162999898153e-05,-5.955685934284568606e-04,-7.418163279780627456e-04,-5.501548645777595012e-04,2.971623571545442327e-04,-1.270427530763299385e-03,1.035924232790024586e-05,-2.467346573747337219e-04,5.641379738430462795e-04,9.538177874205932259e-05,2.652793140541093164e-04,3.255182968490998355e-04,1.159842300424247883e-03,-1.676898755914034943e-03,7.589092333673778251e-04,2.103880711337169102e-04,-9.344953014789394996e-04,-9.278968226286066125e-04,1.870958875706636368e-03,-4.701863157252511929e-03,3.528457766991574237e-04,4.320230289977725199e-05,-2.846371756972041465e-04,1.651772219194598806e-04,-1.814832934386353394e-04,-1.713878907711771475e-04,7.546107556983486925e-05,2.964952434605563208e-04,-5.741730451661508985e-03,8.240019725318345652e-04,-3.289890956200908559e-04,-1.265758629162387627e-05,-1.918839062881277750e-03,-8.986779687739979952e-05,4.934684965165913499e-04,-7.073006557637264227e-05,-1.329395145997624831e-04,-2.551047878728267965e-05,6.359063303822132251e-05,-4.561414321494705604e-03,-2.347350777719488420e-03,-1.066508111584905244e-03,7.955870429221505863e-04,3.529062786076776065e-03,-2.087732335210871343e-03,-4.882582499025713875e-04,7.005136448414140370e-04,-1.437110834873953948e-03,-5.070781601360157750e-04,-1.265031733123264147e-03,6.029270828739740230e-04,-1.516119947500429478e-03,9.630601369112923305e-03,5.549592211914054258e-05,-2.210821274543465443e-05,3.556365141703133085e-05,5.838498413172230414e-05,8.670931809265261352e-05,1.991081825692050120e-04,-1.169955409724818989e-04,3.518084750587131826e-02,-2.874075886290001266e-03,3.763052242364450361e-03,-4.171578572473888177e-03,5.082507885657448418e-04,-1.900321975779558671e-03
-7.037901871394608650e-04,3.851391781589787264e-04,9.565889467191589831e-04,1.056058841069661014e+01,4.233558745981758791e-04,-2.981612682869466614e-04,2.916675306542515088e-04,6.911004448705622416e-02,2.108815314019994724e-02,6.462815473068476979e-04,7.190826341070928000e-04,8.329655836125317465e-04,1.212802808204178732e-03,-5.660995491294954851e-05,4.168851374411473073e-04,5.775859092501402746e-04,2.383193966743520770e-04,-2.763950364796869189e-04,1.700925071245561367e-03,3.864931877800258098e-04,9.888462573293501420e-05,3.922009847916090920e-04,7.941243710616924419e-04,2.295128570826205001e-04,5.637765680332529122e-04,-1.160532063148924167e-03,-1.186725682333931997e-03,1.255860840002638167e-04,-6.327802311023000533e-04,2.878658278852358390e-04,1.901942314593597916e-04,5.727601240392132115e-04,6.813714755100036113e-04,4.652461882660619170e-04,-1.205891688028622524e-03,2.049486669290159855e-03,1.239324707338217060e-04,1.348038693114970987e-04,3.390257897606145047e-04,5.143175260405126112e-04,-5.650424516785293786e-05,9.998905173214198833e-04,4.913207718191384458e-05,1.783385882330753398e-04,6.575466851388354862e-04,-3.264087301098738542e-04,3.716475442249482786e-01,3.799014059749312132e-03,2.792138994514601746e-03,6.468520385903263076e-04,-5.513336039617381182e-03,-4.841099842039057479e-04,4.127455607679124177e-04,-7.235704802983277881e-04,-5.173423874510409311e-04,1.432879839448125345e-04,2.823765465512643839e-03,2.167411209906701108e-01,1.900374987941301063e-03,-6.664284000159723283e-04,-3.502336526654565435e-05,3.845877677019562957e-04,-3.556295927534258716e-05,-1.844393738937051140e-04,4.832736173887205436e-04,2.055893829075333169e-04,-8.139260897201554311e-04,1.636834675141200096e-03,-1.739437135824697120e-03,2.719117442542504440e-03,3.269654407146747183e-03,5.294128167810410691e-06,-4.598909896776017144e-05,-1.304167860115357583e-04,6.468225814632934704e-05,1.055152876755114863e-07,-3.201492784314843170e-05,-2.343909700687915273e-04,4.582232793651594416e-03,2.430733938678836942e-03,1.198945359799917336e-02,-1.370985966371077256e-03,6.401525702760466063e-04,-4.454839465739442173e-04
7.239076052179754328e-04,-2.067002661362903971e-04,-7.717636876285469474e-04,4.233558745981758791e-04,1.056058838542802114e+01,5.342961670109436711e-04,-3.328401452366444796e-04,-2.900906282421345517e-01,3.194979609516715013e-03,8.152870302156347247e-04,4.542741388327475524e-04,1.250137340128508164e-04,-5.441663887629968454e-04,-6.151206256289594790e-05,4.554527401188420430e-04,7.691486087543948635e-05,-5.149100268595726594e-04,5.583982558771335980e-04,6.167483231471759808e-04,-4.098250327713237953e-04,5.846184643744191996e-04,3.136252004307572166e-04,-2.785189111238774141e-04,9.643854577241325800e-04,2.542002029375911012e-04,2.579989031329416038e-03,-3.262543010112152995e-04,-1.079721671925484936e-03,-1.286844571578494483e-04,-4.766025057248093758e-06,-2.619137376777590578e-04,5.252034674843586437e-06,-5.573108924147082005e-04,-5.017915668136972360e-05,-9.527752763949758064e-04,-5.327103143361287818e-04,1.750915370287708939e-04,3.219598916375382425e-04,-5.565110078645192420e-05,4.008472462937426903e-04,2.496578103047804396e-04,-3.448442814787527075e-04,-8.210200030781888503e-04,-8.126167359413277898e-04,-7.440651028245220348e-05,2.203072702811877635e-03,-2.129984746652183458e-01,1.022575742579711310e-02,-1.994131752029766266e-03,-1.458230293558901176e-05,3.194338983540461439e-05,4.206382870403796177e-04,-2.348574640442664912e-04,-1.103033983832376035e-03,8.183010960327084349e-05,-6.256188693121037328e-04,3.933816404586530646e-06,-2.134646003502316605e-02,2.893981816277806964e-04,-2.160912583376962482e-04,5.077030701826920969e-05,3.091807770951911921e-04,8.461853238065589894e-04,-5.891344293306775099e-04,6.083550834551584591e-04,3.832699291585325505e-04,1.777545927022041762e-03,3.359007373550408279e-04,7.625951700514966734e-04,-1.761354384811448463e-03,1.415721705599158522e-03,1.642519070716730051e-04,5.596522622848461867e-05,-2.580530920435071654e-05,6.269371500321379903e-05,1.548785752566035861e-04,-1.136138631374486381e-05,-1.144889480339777565e-04,-6.319173111319940223e-03,5.766216265134047753e-04,1.474229589387399640e-03,3.121382995505562336e-03,1.379609100553239737e-04,2.834795543612452992e-03
-2.391978254457054881e-04,-1.311754397677790266e-03,-2.441825442070682584e-04,-2.981612682869466614e-04,5.342961670109436711e-04,1.056123449073683496e+01,-5.244999484717581366e-03,1.539270310157854829e-03,-2.120990228761695899e-04,2.073600064401416262e-04,9.023562374494168911e-05,-5.759133576088661848e-04,-2.512148479104900356e-03,5.314128284049425034e-04,-6.179830600423192157e-04,4.335534014272991038e-04,-1.307062429798008059e-03,7.881894090730572327e-04,1.276697206252064287e-03,5.778240513529629002e-04,-1.418319518102256109e-04,-3.267168078208723767e-05,8.063165136915410825e-04,-2.558404816490935643e-04,5.147979141993824261e-04,1.087466145208696019e-03,-6.629230915639704310e-04,8.769236104012363307e-05,-6.664659735091387361e-04,2.361041890945695396e-04,-1.492542185229242882e-04,2.514996382773759115e-04,-7.364941316961798670e-04,-4.323544574878282476e-03,-5.458469527953478326e-04,-5.505750182939472825e-06,1.039963379043246094e-04,-6.253207116949021857e-04,1.983049552164381241e-04,-2.249240242353311796e-04,9.678406611304907160e-04,-8.984801242059971618e-05,1.115543428952182919e-06,-7.600760292633119801e-04,-9.211917616112473995e-04,3.809703560703482997e-03,1.187137945281595275e-02,8.783355649122139355e-03,-4.938809345094608005e-03,7.493344056061098345e-04,-5.196122945810006770e-03,3.299477571060388092e-04,2.019422342826246984e-04,5.231644271261883753e-04,-3.082915670391490675e-04,1.054548691746027417e-03,6.608057195622042950e-04,-4.803532715345104447e-03,-1.304109428258807451e-03,-7.786334251164938030e-04,-2.140448863372728869e-03,-1.579306933374366451e-04,2.828135572229013156e-04,1.072994279498003158e-03,4.751835787244725398e-04,4.756848202627302243e-04,-1.025332420563374600e-04,-6.805801262761512847e-04,1.146305151397047049e-03,2.812334772093486469e-03,-2.582497996254453070e-03,-5.189249117720548640e-05,3.341329989589208245e-05,6.888401995925149584e-05,-4.080462918491664865e-05,-2.064305453816187052e-04,-5.423537242822927540e-04,-2.152316719916771200e-04,-1.392096368539084278e-02,-3.851281608733110595e-03,1.577823036555851821e-02,-5.480052036086553030e-03,2.433924938469219507e-04,-1.229313556972855964e-04
-1.975473820150282916e-04,-1.613320843100771824e-04,-7.244407450027643097e-06,2.916675306542515088e-04,-3.328401452366444796e-04,-5.244999484717581366e-03,1.073806471658769901e+01,-4.086968959392520140e-03,1.655303978488217864e-03,-2.649330880249307343e-04,3.643876512610345550e-04,-2.912627962608266199e-04,-7.571214078979836282e-03,-1.144067741978145288e-03,2.609760279255767413e-03,-4.790453175001416208e-04,1.338233518187113748e-03,3.722745027668383170e-03,-3.945599757298280446e-04,3.454278266886851023e-04,9.814836462106424049e-05,-4.550102041591375486e-05,-1.193989682242006009e-05,-6.298418617032647488e-04,-1.385311771970202353e-03,9.863723184475297473e-05,-1.332965885599227823e-04,-1.356510101804419719e-04,8.590204960788215202e-05,-6.509844894799280118e-05,-1.114219903013580638e-06,1.590973510694532916e-04,3.102064538774327261e-05,-2.162074214165676019e-04,-1.876428352037441813e-04,2.048235795099237998e-04,2.266701111936690691e-04,-1.277225472929339621e-05,-5.021400291428072945e-04,3.214690454951480759e-04,3.614479774216756980e-04,-3.234627779225707081e-04,1.698084092137899402e-04,6.176671488502405308e-05,1.024820453990483976e-04,1.211284087819757514e-03,3.384079964067519125e-02,4.556138816291846125e-03,-1.159648606243353364e-04,1.924154140594470821e-04,2.591108888967601307e-04,-6.102436515267898806e-04,-1.115470592922132776e-04,8.461683161820143068e-06,-1.083708653767478751e-04,-6.739151393310438554e-05,-6.443772581097541785e-04,7.624122243006167809e-03,-5.042934547981176279e-04,-5.202610011909220879e-05,-6.651415344207080521e-04,1.152434212593418704e-04,9.873208645751640111e-05,-1.385707200597446984e-03,1.209398359023516791e-04,2.637230042860150200e-05,-2.500860217766817531e-04,3.572515612459557961e-05,-8.441952599375530941e-04,-1.338616483401553967e-02,-3.364498500830898509e-03,-1.086912730523166310e-04,1.569083429119413106e-04,2.029989883407119146e-05,2.122403573108452257e-05,6.799524470537728776e-05,-1.123497173686479689e-05,-6.937581748274826172e-05,-1.283610757541018329e-03,1.027007940779994626e-03,-8.165322815754390935e-04,1.420796943788133143e-03,2.695771045076363341e-04,1.285176438455296012e-04
-2.577974290757982598e-05,-9.644463643135037234e-04,-1.081532489221409543e-03,6.911004448705622416e-02,-2.900906282421345517e-01,1.539270310157854829e-03,-4.086968959392520140e-03,1.087151783818330131e+01,-1.493031364663342624e-06,-6.131266910412063245e-05,3.788468936098314879e-04,2.043693951305951620e-04,-1.683588015224549705e-01,-1.246801267379210876e-01,-2.275946711249755283e-01,1.947104795215773287e-03,5.317589956973650667e-04,6.323675336006862047e-04,-1.527484141408266133e-03,-8.052623128522312657e-04,3.479443213419820911e-04,8.888689316165668372e-05,-6.863588241891628583e-04,-1.226151805110976128e-03,-1.932402186846176283e-04,-5.367494823293478962e-04,-2.158805130269384007e-03,1.231168965541396335e-03,-3.061838373000662686e-04,-3.174825064470807642e-03,7.622286966946395168e-03,3.079633502391461441e-02,9.260438360469500779e-04,4.978166377475785886e-04,4.668675401752683807e-04,1.396307940224008302e-03,-8.228274953326369934e-03,-2.167453523544957822e-02,-1.013959336138539787e-04,-3.036735626340749273e-04,-3.574023124059099295e-05,1.440485824365754779e-04,3.933760798184934718e-05,3.401936107676678056e-05,-9.814733669456462452e-05,5.970411641183874345e-03,2.844788951210203837e-02,-2.365049610311649453e-03,-1.372077325075724344e-03,-2.547207039492260057e-05,-3.471145616137826656e-03,6.815870043582010745e-04,-2.649163177372204007e-04,2.259774786893866023e-03,-8.516803501598873638e-04,8.460752456510033971e-06,2.796798555496510523e-04,5.638535776457776838e-04,1.060806634920066684e-03,-3.981674936151847490e-04,-1.342350854266216760e-03,-1.006186275978440247e-03,4.354030405158349415e-04,1.747888231013141301e-03,5.937688731788009090e-04,7.814838123212853498e-04,2.826721128321929392e-03,-3.089391891419161502e-04,-1.708403737506181391e-03,-4.649723121650097685e-03,-1.290423931084129505e-02,-2.125406365197824604e-04,1.514901772732699580e-04,-2.560008909549238264e-05,-2.526011302052504743e-04,3.233493706285209669e-05,-6.947950976379708196e-05,3.907279389749147635e-05,2.255019172257235853e-03,2.125333555911081140e-03,1.383479336760667054e-03,3.750666070854303917e-04,3.262137712483942093e-03,-3.064638686682851377e-03
-6.190431053392983756e-05,8.277188552938269384e-04,4.752446080881073120e-04,2.108815314019994724e-02,3.194979609516715013e-03,-2.120990228761695899e-04,1.655303978488217864e-03,-1.493031364663342624e-06,1.087153117513114253e+01,1.033302175239545796e-04,4.384555911174383390e-04,-1.210623237657750331e-03,-8.346082802184261185e-03,-1.774140546299127208e-02,1.116440358479407757e-02,-1.088085540902252596e-04,7.757534938216542608e-04,4.534292278306206736e-04,1.326032253543218964e-03,5.046117827811336110e-04,7.291329140126620633e-06,-2.674860949754739306e-04,1.297281386213936655e-03,-2.214148956776586870e-04,-7.925577575556742730e-04,-5.521218085354356007e-03,7.033738752718792994e-03,-1.134166277819441317e-05,-5.229719578224997041e-04,9.865160963150348310e-05,3.260767279535954632e-03,-6.802915191377045812e-04,1.014183085918060959e-03,-3.827193223703345346e-04,-5.786260375108711988e-04,1.241656416566669016e-04,2.183241684397818627e-03,6.419822387314037121e-04,1.280019978037289907e-03,8.431286549791895462e-05,1.894367839704897295e-04,-1.155495707671377642e-04,1.218088021960365638e-04,1.132746922500400464e-04,1.561996709399119862e-04,3.887550253091585917e-04,-2.389072207027739467e-02,-2.769455068810100506e-04,9.809669963998995240e-03,-7.126193922757358221e-04,-2.654164232614825494e-03,-2.745181386370770414e-04,3.773805664415126951e-04,3.301232952136032750e-05,-3.033504835898340581e-04,-2.143101503532823956e-05,-8.083030783640865035e-05,6.898790145563288116e-04,-1.230830982445296371e-03,1.446560214740424608e-03,3.137545570991438532e-04,-7.819040220949062406e-04,4.876874439804270702e-04,2.371434421991513628e-04,-4.111960166221072395e-04,2.780712875396248833e-04,-2.759439533058187901e-04,8.224165184899913600e-05,-9.340524582936305786e-04,-3.033170673773012607e-03,-1.080922047583185441e-02,6.026959544924769072e-04,2.625558108313602070e-06,-1.183557046157284088e-05,-4.423609262897100958e-05,-1.285126879968556451e-04,1.630027658242409999e-04,1.174777484237772714e-04,2.262093685295201405e-03,1.497392922490845381e-03,-2.747283252856759506e-03,1.028262972436913385e-04,2.322106483550794888e-03,-3.160584064002889930e-04
6.078258045537838269e-04,-2.764675579929910267e-04,-5.933131186154780518e-04,6.462815473068476979e-04,8.152870302156347247e-04,2.073600064401416262e-04,-2.649330880249307343e-04,-6.131266910412063245e-05,1.033302175239545796e-04,1.092396240060257107e+01,1.073314749659803842e-04,-7.555138144703146797e-05,4.044734987671938075e-06,-3.831457381513512540e-03,4.433947330040371483e-03,-5.210825228443502488e-05,7.927897317835941315e-04,-1.431777206601411723e-03,3.558537404160858064e-04,5.033184657453355221e-04,4.111319038433347214e-04,-4.516137579060075535e-05,-2.005928802157464289e-03,6.658426873091271864e-04,7.679103440708180185e-05,-2.223300265896948659e-03,3.804336177328206873e-04,-3.765464131182715349e-04,-4.600563842994751917e-04,1.419117000562793206e-04,-5.243467429411345811e-04,6.817282247482516280e-04,1.441165680834860172e-03,-2.882948118366366816e-04,-4.997444052219288113e-05,-4.766215669887920062e-04,-1.631263166716891253e-04,3.676750623003539713e-03,-6.306876742902027761e-04,2.104907920427343763e-04,-1.892173115978375536e-04,-2.477623435713987654e-05,-2.041108141201564575e-04,-6.495920022866072613e-04,9.827057846490889256e-04,-6.135051805888511178e-03,-1.645073233591894113e-02,1.273727110367604137e-02,2.860084816547146021e-03,3.170596307607125887e-03,-3.406852688835579866e-03,-5.950658742471237866e-04,1.965399752164691261e-04,-1.819374498266399832e-06,-8.158898086875181893e-04,1.408706907592457535e-04,1.266239168983068970e-04,6.245081964850031451e-04,-2.613197715764662213e-04,-3.149049894328936547e-04,-1.627217161536482787e-03,1.219098569140620079e-04,3.525140664581573975e-05,-4.820332659899347061e-04,-9.028440560137386550e-04,-8.403898416190231507e-03,-2.369273333112098534e-04,-7.574053719334311596e-06,-1.776946627538942419e-03,4.170274159256662401e-04,9.715957909656202686e-04,-1.324153715773932318e-03,-3.614415002914192921e-04,2.147879647019256585e-04,2.908210359749514515e-04,6.822201664190867196e-04,6.876819258692717582e-05,-4.660251898103814536e-04,-2.348927959261597892e-02,-2.503861092253284459e-05,2.239023844665856931e-03,6.627703074593724840e-03,-1.746118783999167732e-03,2.331201594582596459e-03
-1.420727068756842660e-04,-3.460894852582279682e-04,-8.164747695523009823e-04,7.190826341070928000e-04,4.542741388327475524e-04,9.023562374494168911e-05,3.643876512610345550e-04,3.788468936098314879e-04,4.384555911174383390e-04,1.073314749659803842e-04,1.092396208686623282e+01,-7.213109448354273080e-04,2.987653056643202335e-04,1.479222418515118700e-03,2.832689587999937583e-03,4.298098121597308807e-03,1.160106208381618542e-04,2.132946757767713308e-03,6.580925992144773945e-04,1.635452687881476519e-03,1.827445482183441582e-04,2.499462800390755014e-04,4.469757155693829449e-04,-7.298053311804247011e-04,1.573623947903489331e-03,-3.937870777920732821e-05,-2.940782443692294135e-04,3.848449207730666967e-04,-4.803906189100562614e-04,-1.040290799966584433e-04,-1.216954180744486344e-03,-9.642419761362467159e-04,-2.940385192356335942e-04,4.532857091059341870e-03,9.298100797506740449e-04,1.719920084180034253e-04,3.155064906947184847e-04,1.243568487533511192e-03,-7.150482258542274934e-04,3.232211609909454563e-04,-1.049408637981040547e-03,-9.766372036678939994e-04,4.802305765005772040e-04,-7.517431681984533499e-04,-1.175007421052764751e-03,-1.157353426346056056e-02,-1.187983168529550479e-02,1.365801186565968051e-02,1.751889462347108045e-03,2.134210653556776181e-04,1.932387004764051820e-03,9.844496997304640344e-05,-7.987295798239691953e-04,-1.103286073949340230e-04,3.424012812479977543e-05,7.238908236152938411e-04,2.223296857192504842e-04,-2.617787586231672039e-03,9.681027420784145410e-05,-6.269008843896332547e-04,-1.015003924572576918e-03,3.388492237202492567e-04,-3.181213383778092648e-04,-1.072831907166791124e-04,4.502664575577498829e-04,1.620777404107339066e-03,-5.376474007560115304e-04,1.397260791935889257e-04,-1.104087451662641439e-03,1.345014014583134025e-03,3.278351593989935783e-04,-3.471433018829935717e-05,-5.651199080811320261e-05,3.254570992567562136e-04,-2.208440594038228592e-04,-1.568103406526851623e-04,-2.551740170412651479e-04,4.606910750839932739e-05,-3.350983195268554017e-03,2.052515070024407695e-03,-4.391591458738249021e-03,-3.264709912402432440e-04,-1.206522932384436822e-04,1.215726984195312360e-03
9.163536343113963360e-05,1.880688879125902001e-03,9.256652829522226279e-04,8.329655836125317465e-04,1.250137340128508164e-04,-5.759133576088661848e-04,-2.912627962608266199e-04,2.043693951305951620e-04,-1.210623237657750331e-03,-7.555138144703146797e-05,-7.213109448354273080e-04,1.092518389751051622e+01,-7.292542801063967711e-08,3.014184453014071181e-03,-4.134464006260962256e-03,-9.661904584657731755e-04,-9.384908021807039646e-04,-9.335147962934572594e-04,-5.804166063083857074e-04,-6.990507644756144279e-04,-6.541422721595205325e-04,-1.172509984837220040e-04,2.868098480587231926e-04,1.421520956365792234e-03,-7.687209130074421906e-04,-7.186549771562681125e-04,2.467216232030982909e-03,-2.575777012120178573e-04,-9.703814091495985110e-05,3.742198498598734639e-04,-1.617520632683442858e-03,-8.014952888496344741e-05,-3.460948003130218239e-04,-1.338074265396012753e-03,-1.533575062457339560e-03,-1.229286290371393387e-03,-1.730076507402387997e-03,-4.196606442602297989e-03,4.268346587556024353e-04,-3.232992129044943096e-04,5.211256534643684407e-04,1.543776222462101217e-03,8.529697015161802950e-04,-1.399233588666273223e-03,1.132902401841289061e-03,-2.957322885085187508e-03,-7.914794590840228128e-02,-1.240641852563108966e-02,2.427513505126680654e-02,-4.534059842746224591e-04,1.458195705127242694e-04,4.571107223210552290e-04,-5.497896384234132196e-05,3.295157985056343950e-04,2.913374497603841203e-04,1.028897712844276634e-03,-3.517824683220796469e-03,-2.204712359196209226e-02,1.000939318942371814e-03,-5.364325590121424465e-04,1.118664278613144825e-04,1.283382521210807165e-03,2.977090109928477724e-03,-1.460075795725246026e-04,3.600656430481803671e-04,-4.984385916699789892e-05,9.250173860010577065e-04,1.820965925386011652e-04,7.152043898471377448e-04,2.555690684445092835e-03,-2.982722071359194529e-04,-2.126877905317989899e-04,-1.012064037414621035e-04,1.162386579857315681e-04,-6.091874131096828757e-05,-3.874469619951469569e-04,4.018766391897363090e-04,2.941251318367358171e-04,3.232700851834131254e-03,-1.797830837798732343e-03,-6.155264483531253800e-03,4.659881163201085724e-05,1.390694833155363755e-04,7.669302740581137451e-04
1.137492474442320213e-03,-6.916769618873565588e-04,1.560891012693452207e-03,1.212802808204178732e-03,-5.441663887629968454e-04,-2.512148479104900356e-03,-7.571214078979836282e-03,-1.683588015224549705e-01,-8.346082802184261185e-03,4.044734987671938075e-06,2.987653056643202335e-04,-7.292542801063967711e-08,1.092518945810969377e+01,-9.308036819949365784e-03,-9.863057943757731413e-03,1.356445353362780055e-02,-9.552536920239516893e-05,-7.444892595479743469e-03,1.731681439161377942e-03,2.673744510705376026e-04,2.631389883898801411e-04,2.328569497254723731e-04,1.053556314862338222e-03,8.136121041226436826e-04,6.195664653916647642e-04,-2.634600897193386821e-03,3.475470015328829495e-04,2.035447891412640008e-04,-9.889893892979330424e-05,1.075343758588065499e-03,-1.593362105575998758e-03,-1.478901783788027016e-03,5.938758764463467066e-04,-7.796960895046745835e-04,3.933793463538448718e-04,-1.053330669472671635e-04,-5.387536223706241093e-04,7.694857857911144294e-03,2.936011529475349071e-03,1.302283089200603500e-05,2.198806580506072121e-04,-1.686201905271094868e-03,2.673537077461112747e-03,-9.791141403057948729e-04,-9.175831233729118486e-04,1.322010974669001263e-02,7.768957257979024200e-02,-9.517746801895578257e-03,-6.037525123569172439e-04,-3.786065663174821398e-03,3.853891669904975807e-04,-4.369406474912671196e-04,5.118977286557686249e-04,-4.476153894471799656e-05,8.184159165298917661e-04,7.558100752095172053e-04,1.418624492723991005e-04,8.065681233991428556e-03,-3.419639244352512542e-04,8.829407526396628597e-04,-1.300929905916077545e-03,-3.365872154659117765e-03,-8.647668562933494806e-04,-1.973118956070472191e-04,-2.822804800324922592e-04,-6.096914131327249575e-04,1.415720598755419030e-03,-1.565610945777944074e-03,-4.588821976234409156e-04,6.104271362329380564e-03,-4.657176787434783461e-04,-2.757391839973586875e-04,-6.165714403893518059e-05,-1.332839021470985251e-04,1.057780832282868003e-04,-9.370711518328794266e-04,1.835646857814473556e-04,-3.568418541927407314e-04,5.471088563198853692e-04,-5.939669263157658710e-04,8.866768361896804757e-03,2.267939461080488092e-03,-2.555730739773390964e-03,-4.910679130528030484e-04
-2.393328935855701649e-03,3.936867773887846094e-04,1.728734769001287995e-04,-5.660995491294954851e-05,-6.151206256289594790e-05,5.314128284049425034e-04,-1.144067741978145288e-03,-1.246801267379210876e-01,-1.774140546299127208e-02,-3.831457381513512540e-03,1.479222418515118700e-03,3.014184453014071181e-03,-9.308036819949365784e-03,1.109721866344557384e+01,3.656191005361368943e-08,5.596531168010721730e-03,-5.134090498466869351e-04,1.136465457480924368e-03,3.657847990493987705e-04,3.025499980137975192e-04,-7.962091249072984593e-04,-1.321638064689879734e-05,1.155700025430306688e-03,4.441258893130668392e-04,-6.655963494115015380e-04,4.710737138135768880e-03,-4.971175685370747555e-03,4.868427455835234400e-04,1.474249199752856521e-04,-2.860837594735274889e-04,4.288845103415220295e-03,5.062938769113452947e-04,-2.515481254016932455e-03,1.648828066009105919e-03,-2.712886310207293303e-04,9.359850206986375376e-04,8.145103786920959710e-04,-4.735089532149766578e-04,4.510917922159596435e-04,9.908954386479946824e-05,1.523406484014603940e-05,6.718902295242623005e-04,6.510557191656519364e-06,7.095832418989974277e-04,-2.750114237301713119e-04,-2.890211671435392177e-02,8.804454551276777452e-02,4.761989756196760570e-02,2.508614923025207638e-03,6.248646865992212029e-04,2.192731099405643286e-03,4.314127722682050553e-04,-8.534730577644494658e-04,1.539208346426868337e-03,4.752519210766742355e-04,2.556964979057821689e-04,2.672584363540914370e-03,2.568124703879552384e-01,-3.380183876133431575e-04,4.964973546192128330e-04,-1.964091061322720342e-04,-1.912037865673928486e-04,1.027912440706315374e-03,4.341429856240346368e-04,-6.894446111783568334e-05,6.816909460555813007e-04,-1.489291392967710681e-04,-1.998966590909274661e-03,-7.986227588656526341e-05,1.315211052988318752e-03,3.074687224259457026e-04,-2.901887058957878206e-04,3.238878276967879980e-06,2.139530560825430043e-04,2.162016651380439390e-04,2.580551189096817245e-04,-1.520593033059064378e-06,1.248870788773827735e-04,-2.621452801942718638e-03,-1.313531003269667466e-03,-1.929942757310517711e-03,-1.222066298077141219e-02,2.712800986418944377e-03,-2.332272798698703346e-03
-1.451007266533165798e-03,-2.441376097192232545e-04,-5.844684342581497188e-04,4.168851374411473073e-04,4.554527401188420430e-04,-6.179830600423192157e-04,2.609760279255767413e-03,-2.275946711249755283e-01,1.116440358479407757e-02,4.433947330040371483e-03,2.832689587999937583e-03,-4.134464006260962256e-03,-9.863057943757731413e-03,3.656191005361368943e-08,1.109721781439928456e+01,2.319225011457822817e-03,-1.082527871525552259e-03,1.082206213336324354e-03,3.286901189822333258e-06,3.823319953773522337e-04,1.262346847610613552e-04,8.173339848664988496e-04,-5.170279258292055993e-04,3.455420307086091644e-05,-3.446868132568036694e-04,1.988188152655955259e-03,1.003150949970234990e-02,1.815189089757925632e-06,-2.678421797377168582e-04,3.757344316907912591e-04,-2.588641125393382342e-04,1.003709483745417186e-03,-7.166222151532702922e-05,-1.192717467274722644e-03,-9.844469244058295931e-04,2.944344811906193533e-04,-7.310371065089860121e-04,-9.998092184837076291e-04,-1.734145376420991795e-04,-2.520236664397804052e-04,-6.387179526290531870e-05,-9.335965875209768262e-04,-1.551705007464309943e-04,-3.418262113467639184e-04,4.681470240066212644e-04,-3.567432345604051869e-02,2.081906037303073859e-02,-4.337971977707726773e-02,-2.136732897031470499e-03,1.019654976134052107e-04,-1.982661259028524470e-03,-6.923497494569917816e-04,2.134292971362975605e-04,-4.521971135141829648e-04,3.661318703708177445e-04,4.909940122165912593e-04,5.233052894810011867e-05,-2.750211515728518546e-02,-8.211527546761153429e-04,1.086040927456532936e-03,-3.474274762514622367e-04,8.126612408742293122e-04,2.940433675357621499e-05,9.613104455588187321e-04,5.311530884273831746e-04,-1.139647841218905007e-03,-1.107349500574152535e-03,8.093364290372487800e-05,2.459744951833418001e-04,-7.523276937875117160e-04,-1.634837762737128327e-03,5.012221358066615908e-05,-2.223777310289560603e-05,2.535752921828835437e-05,1.989924178603177940e-04,-3.670061768669786529e-04,1.172029433827603178e-06,9.144367582076406856e-05,1.203861367432875439e-03,-5.416932837780448918e-04,-2.712248704605147668e-03,-5.893114050426183706e-03,-2.994834817216726619e-04,-5.144567286353400257e-03
9.080966799542315379e-05,-1.019909850922921801e-04,-3.466378690440349852e-05,5.775859092501402746e-04,7.691486087543948635e-05,4.335534014272991038e-04,-4.790453175001416208e-04,1.947104795215773287e-03,-1.088085540902252596e-04,-5.210825228443502488e-05,4.298098121597308807e-03,-9.661904584657731755e-04,1.356445353362780055e-02,5.596531168010721730e-03,2.319225011457822817e-03,1.122643988652386327e+01,1.143247721248352722e-03,1.365752578241542781e-03,3.648331318296476299e-04,-7.994340954540213318e-04,8.119960246939100530e-05,-1.060631209546265136e-04,6.522832356159798811e-04,-7.023499493743921504e-04,6.912507456375525938e-04,5.271238299317672349e-03,-7.281456573331027138e-03,4.898108406239942703e-05,-4.945226696674853706e-04,-1.254097929296246750e-03,-3.162233454035850988e-04,1.530657337391674866e-04,-9.639199302378638826e-05,-6.454364916455117285e-04,1.596102756464656824e-03,-6.340618027084465869e-04,-5.095721086737867861e-04,-1.191298677967150442e-03,6.809374394916908185e-04,1.572061493954121235e-04,2.016742109046444371e-04,-7.710012638648983552e-04,-4.815258630360227552e-05,5.787862483178517117e-04,1.999953285006965463e-04,5.192882631238860888e-03,2.633537247393931413e-02,-1.578895051948097164e-03,-1.351222604244877671e-03,3.329247258878351504e-04,-4.236140299929171127e-04,-7.495992020261326837e-04,3.739093857157429427e-04,3.960741303152791326e-05,-8.471021266613372024e-04,4.199286759852850770e-04,3.503628291140446771e-04,8.386261661222096930e-03,-9.606147669298376046e-04,-1.064468184431392739e-04,-1.925855093047844357e-04,-8.415248538816769153e-05,4.731387807650378093e-04,1.076130865097048479e-03,-1.080875175902260878e-04,2.820107167327732048e-03,-1.595962711418450440e-03,1.632648164913468730e-03,-8.949154936440471136e-04,1.680136728879148486e-02,2.249128500798950464e-03,-2.249355167850884099e-04,1.306154008349777809e-04,1.035120917170724076e-04,7.475092828459230492e-04,-1.600197125792196843e-04,-4.101547869741515662e-04,-5.732000833106672306e-04,4.120755490017669921e-03,-1.068318387314024127e-04,-2.524385822067730378e-04,-1.385088494451080805e-04,-9.662911704704096882e-04,9.498278034971580075e-05
7.639940397521046474e-04,5.685836231201536750e-05,-3.463684740714935428e-04,2.383193966743520770e-04,-5.149100268595726594e-04,-1.307062429798008059e-03,1.338233518187113748e-03,5.317589956973650667e-04,7.757534938216542608e-04,7.927897317835941315e-04,1.160106208381618542e-04,-9.384908021807039646e-04,-9.552536920239516893e-05,-5.134090498466869351e-04,-1.082527871525552259e-03,1.143247721248352722e-03,1.123216877503783451e+01,-3.200402672813851268e-04,-4.567312527097300290e-04,-4.599917544645393264e-06,3.521438136529767742e-04,5.672542773523712133e-04,2.965649535972725293e-03,3.455575407793130653e-04,4.704628423737380882e-04,3.016938135260112397e-03,-2.928293820375427181e-02,8.153461606058383035e-04,8.627604859130499904e-04,1.729696341738456294e-04,7.413696741356209929e-04,1.542026624805271917e-03,-2.621422913383214537e-04,-4.182329412405205726e-04,8.154800339913725882e-04,6.906859142432747456e-04,-1.581305947672606918e-03,2.930975713972141117e-03,-3.127024150423473974e-03,-2.252992786808089378e-04,-4.112019592236516082e-04,1.670879363924585893e-04,1.067861587257747422e-04,-1.227380643177245108e-03,-4.776214944665591825e-05,-3.173573768542031076e-03,-7.572268100758077283e-03,-3.173055643511649496e-03,-1.090702451943668591e-02,1.610984579353259795e-04,8.433601096766388944e-03,-9.544237298876514369e-05,-6.538288349260507840e-04,-4.042750734401175409e-04,-4.941393279483531457e-04,-3.515715556994970098e-04,-4.973137125274876280e-04,-6.968335625372537590e-05,-2.861492342266801258e-04,5.884367854589699076e-04,-2.385129822259218768e-04,-3.647604909051530052e-04,-1.094174639934474176e-03,1.486426592833230750e-03,-1.128236184746011367e-03,-1.268950946132038193e-03,-1.984159871947343418e-03,1.694885182303165760e-03,1.586781417082759604e-04,7.158433715218404970e-04,-6.529170911240387773e-03,-8.990540440275370838e-04,3.797690114493662648e-04,9.607165197495984169e-05,6.220428836279680556e-05,4.172642531986650322e-04,-9.719807756745852192e-04,8.406937136446417493e-05,7.916798063953185693e-04,-3.214660421331750131e-03,7.121523113454751933e-03,1.940957725574989079e-05,-1.781454199395241661e-03,2.617465574332505408e-03
1.035580827600842595e-03,5.830607355257460406e-04,1.744675596481847640e-04,-2.763950364796869189e-04,5.583982558771335980e-04,7.881894090730572327e-04,3.722745027668383170e-03,6.323675336006862047e-04,4.534292278306206736e-04,-1.431777206601411723e-03,2.132946757767713308e-03,-9.335147962934572594e-04,-7.444892595479743469e-03,1.136465457480924368e-03,1.082206213336324354e-03,1.365752578241542781e-03,-3.200402672813851268e-04,1.123217239843530635e+01,5.070895241645612117e-04,-2.438666964810209947e-06,-3.009147769308444199e-04,3.199668207909544962e-04,-5.035780438919518903e-04,2.650636476765239752e-03,-1.453890021692492637e-04,7.623910531775024424e-03,7.497908364279076698e-03,5.812970032454123359e-04,-1.567485998592993424e-06,2.505396250850722151e-03,1.417828167004683837e-03,-1.826485859753729235e-05,2.203618031338949734e-04,-1.270522474378921185e-04,-7.201151920629145220e-04,1.534032997229338446e-03,-9.080879306312321462e-04,-3.365890551373477112e-03,-7.922705110143674068e-05,6.247945258203264299e-04,2.095212984674933981e-04,-4.514867529639485363e-04,3.942908935635581558e-04,5.045079028102792936e-04,4.555998968811764225e-04,-5.894384603492836341e-03,3.917352238681942947e-03,-4.369894425559866027e-03,8.352181643743270684e-03,8.899658257443361295e-04,-1.882858820582448620e-02,-3.749384936249178582e-05,4.161328498521817305e-04,-3.403741061980261259e-04,1.352187793123528145e-04,1.275159749494839123e-04,3.615520250687415810e-04,-1.033087130269597087e-02,-1.031556038499376743e-03,1.404163724315485350e-03,1.868359351509533278e-03,-6.498928054937194720e-04,-3.190325430654143788e-04,-2.486394315424568686e-04,8.826485343137180362e-06,4.314579735396344325e-03,-3.072672684479669375e-03,-7.093941843238321492e-04,5.379538815160171683e-05,8.220011724700136864e-04,-5.052392345542803739e-03,5.732108359050402772e-04,6.075038440751280577e-04,7.510970711028771077e-05,-1.054571523867770693e-05,2.207104556294849258e-04,5.789482479495450381e-04,-3.751371075284440446e-04,-5.754703431193611968e-03,-3.758315776423430676e-03,-3.160875524814470150e-03,-1.089350396778349106e-04,-1.184731046109124830e-03,-2.965741522829010157e-03
1.182223451873937181e-05,-3.507998261721659988e-04,-2.825243162999898153e-05,1.700925071245561367e-03,6.167483231471759808e-04,1.276697206252064287e-03,-3.945599757298280446e-04,-1.527484141408266133e-03,1.326032253543218964e-03,3.558537404160858064e-04,6.580925992144773945e-04,-5.804166063083857074e-04,1.731681439161377942e-03,3.657847990493987705e-04,3.286901189822333258e-06,3.648331318296476299e-04,-4.567312527097300290e-04,5.070895241645612117e-04,1.123234980173767283e+01,6.758966386667952797e-04,1.714409331309103487e-04,7.415716868710425791e-06,2.076518318090521224e-03,-7.235113195252530771e-04,-2.634140389703044233e-04,-7.729434273583135617e-04,-5.395119938214913702e-02,7.596818518929709940e-04,-4.933505103191099250e-04,-5.941507945138105318e-04,1.866681739744746604e-04,-4.154757870837716416e-03,-1.436409034001259744e-04,-4.663808095442048551e-04,6.544959525354614779e-04,-2.898078790257788140e-04,-5.110999905658794237e-03,-1.961829728075725580e-03,-7.512499256317941437e-05,3.898996623072015699e-04,-1.972704338415258961e-05,4.694485869442075062e-04,4.058155993259808959e-04,8.435375270190022213e-04,1.702433258099094230e-04,3.313235373119619714e-03,9.501957696974840800e-03,4.534878311703542317e-03,-6.108576862124989564e-04,-1.888819851190231495e-04,1.062310712734918644e-02,2.365144120782284795e-04,8.498970764204272351e-05,1.069887225403791603e-03,1.188213367616383978e-05,-1.910796557274273852e-04,-7.759548943385321911e-04,7.818550694505337420e-03,-1.304855980573255136e-03,-6.852843867112117524e-04,-4.836888915470257885e-04,-9.610498024529966904e-04,3.902950343396861810e-04,1.560311297468138436e-03,2.867426296272164530e-04,1.836623798501584850e-03,-1.145693638660641445e-03,-1.386727484038868807e-03,5.119992150626707580e-04,6.850629110027564757e-04,-2.602007396625929947e-03,1.607038645354951639e-04,4.593709917103843462e-04,1.482639685918575308e-04,7.301213687292430190e-05,-4.383027727966191294e-04,-8.799748684814104327e-05,-1.444771485325191895e-04,-1.557789554430109510e-02,1.963509972670406459e-03,4.336229087127555643e-03,1.949300309068684872e-04,2.476857044825909321e-03,6.578846581718677741e-03
-1.029441943279532472e-03,-1.276043861680232951e-03,-5.955685934284568606e-04,3.864931877800258098e-04,-4.098250327713237953e-04,5.778240513529629002e-04,3.454278266886851023e-04,-8.052623128522312657e-04,5.046117827811336110e-04,5.033184657453355221e-04,1.635452687881476519e-03,-6.990507644756144279e-04,2.673744510705376026e-04,3.025499980137975192e-04,3.823319953773522337e-04,-7.994340954540213318e-04,-4.599917544645393264e-06,-2.438666964810209947e-06,6.758966386667952797e-04,1.123516958090672091e+01,-3.508092375206572173e-05,-1.614447757965317871e-04,5.411650872497895601e-04,7.105634446221472528e-04,-2.171105706359949261e-03,2.769781936895789054e-03,-8.724457123866463659e-03,-1.070310877725792753e-03,-5.883788079537877191e-04,6.927204538448722415e-04,-4.495973201304043210e-04,-1.026074443167412573e-03,-3.228285065952430158e-04,-4.697121251263473851e-04,1.124614433391540880e-03,-5.072814115025525705e-04,3.730717882203641450e-03,6.068517361632194077e-04,-6.138598308364318773e-03,-5.585204208678868319e-04,-4.720024976106502340e-04,9.829229712613166050e-04,-1.519239251723781495e-05,-3.781076548058502520e-04,-1.216487119778849853e-05,6.590685274606789337e-03,-9.501612525884835236e-03,-3.718618775897612576e-03,7.687054026947674583e-03,-1.685595446215904306e-04,2.562480775069820096e-02,-5.921768318520167704e-04,-4.514619902800151140e-04,2.412237418815536306e-04,9.267053140066476135e-04,9.525020174552742414e-04,-3.718154926192832055e-05,4.410914596835159573e-03,1.305577888859429242e-03,-4.379173768726679628e-05,-3.316358075017393492e-04,-9.098684526960571645e-04,-5.208381163932201789e-04,-2.338828928796717098e-05,-1.187584343353509896e-03,-1.018742990585171180e-03,-9.984112830086749185e-04,-3.726014986176889865e-04,7.114961929047362854e-04,1.862728686861637659e-02,1.586787401970882888e-04,3.141521190219786846e-04,-2.307981028882097742e-04,7.889423711462489842e-05,5.309204233634271528e-04,3.081972126960176627e-04,5.638950757590082460e-04,-5.136216008910546001e-04,-4.379467057878127373e-03,2.287577169985966982e-03,3.036001766896015419e-04,4.236449925643129624e-03,-3.576071290307980891e-03,2.653597821980699378e-04
1.936505825391104463e-04,-1.056339940906283331e-03,-7.418163279780627456e-04,9.888462573293501420e-05,5.846184643744191996e-04,-1.418319518102256109e-04,9.814836462106424049e-05,3.479443213419820911e-04,7.291329140126620633e-06,4.111319038433347214e-04,1.827445482183441582e-04,-6.541422721595205325e-04,2.631389883898801411e-04,-7.962091249072984593e-04,1.262346847610613552e-04,8.119960246939100530e-05,3.521438136529767742e-04,-3.009147769308444199e-04,1.714409331309103487e-04,-3.508092375206572173e-05,1.128850416893184239e+01,-2.130676098446654130e-05,-1.966020682494744440e-04,-1.041784193892734143e-03,-5.549801697502696699e-04,-8.919328977845102655e-04,-2.591034883904409932e-04,-2.249947274427377820e-04,1.573369141693901430e-04,1.742943675573566841e-05,-4.312006009838643093e-04,4.068188008163581282e-03,1.923916319725021973e-04,-2.205841500526311422e-04,1.273289277978248424e-03,2.923235012139138375e-04,-1.791744627369001863e-03,-1.833624792764554368e-03,7.954814082179877425e-04,7.585023904102295182e-04,2.223301617256810453e-04,-8.824440358383774281e-04,3.137241153988923532e-04,4.555151579200527722e-04,1.264317686027544496e-03,6.807371023305346797e-03,-3.743211406618455030e-04,5.099652539052541627e-04,-1.173312774727530532e-03,2.833911907479392243e-04,-1.820674169540066655e-03,2.762788107354100398e-04,-9.019305935729475272e-04,1.232927680708113122e-03,-3.953817339917560611e-05,-1.173775934327114974e-05,3.071739009491298569e-04,-5.011980064123244556e-04,2.066933685316419897e-03,8.798319361138975253e-05,-1.549743190569224808e-04,-2.464355261866273128e-03,2.718136347617134199e-03,1.193324698627914147e-03,-5.868373095278432358e-04,7.920148594674843341e-05,-8.261224028237659778e-06,7.311215747030728324e-04,-2.407976501193128001e-04,3.078889105953473660e-04,-2.035462664587414975e-04,1.295872156593887593e-03,8.594965220462901607e-04,8.394903082519849461e-04,3.467241259746682742e-04,8.260708406517161366e-04,4.009308193441430139e-04,-5.287798095269765405e-05,1.894952258647917415e-04,-1.503026183886845175e-03,2.853383778123519399e-02,-2.945002857323981288e-02,4.027653989277749091e-03,3.658208704555333812e-03
-2.656332673741035799e-04,-7.405580806934836807e-04,-5.501548645777595012e-04,3.922009847916090920e-04,3.136252004307572166e-04,-3.267168078208723767e-05,-4.550102041591375486e-05,8.888689316165668372e-05,-2.674860949754739306e-04,-4.516137579060075535e-05,2.499462800390755014e-04,-1.172509984837220040e-04,2.328569497254723731e-04,-1.321638064689879734e-05,8.173339848664988496e-04,-1.060631209546265136e-04,5.672542773523712133e-04,3.199668207909544962e-04,7.415716868710425791e-06,-1.614447757965317871e-04,-2.130676098446654130e-05,1.128850396320096472e+01,1.053791645065648786e-03,-7.977728875364366833e-04,6.119273209731424445e-04,-2.183029910919367890e-04,8.960104099743341393e-04,-4.086163005720342138e-04,2.724963469109212147e-04,1.398916393679641886e-03,-2.481430890164219860e-03,3.817789181517713439e-04,-6.150198890908578631e-04,1.357380013308831512e-03,-5.357146931890370556e-05,-3.036006668487509219e-04,-1.110551161937797793e-03,1.725158185546069034e-03,-1.232898963537022317e-04,7.094727103570409301e-04,4.417119150499445755e-04,1.356241416799574130e-04,-5.114506573830873010e-05,1.153262234969797259e-03,7.319120820530972083e-05,-5.724948361203593614e-04,-1.476177867971946878e-03,-3.334400133461282991e-04,4.244251785418609590e-04,-2.260792986470079092e-04,-9.214193360915413520e-05,-8.424450746829833647e-04,4.525047117710263985e-04,6.640138978020149966e-04,3.730096641660146043e-04,-2.663898631405728096e-05,-1.040738689458292360e-03,3.417822419436819959e-05,6.652512777062698224e-05,-3.792872612656331133e-04,8.029953893455431431e-04,1.158676834514667416e-03,2.424135690718344505e-03,1.014592908621375113e-03,-7.361534367894698519e-04,-1.026254230196933445e-03,-5.544366044489463553e-04,2.205751831126875374e-03,2.960231219085976591e-04,-7.020616858276931653e-04,-2.998627203028208848e-04,2.711681215365422943e-04,6.230594901404383533e-04,-1.695782213474551249e-03,4.145950064930344330e-04,5.269085002779682258e-04,-1.415514728780044545e-04,-1.702830934612970470e-04,-2.676610626596655045e-03,1.476889391681398579e-03,-1.272801203622789257e-02,3.284232516230251031e-03,2.375901645411871224e-03,-1.383398875466722647e-03
-8.754907714417562142e-05,2.435467200009209469e-04,2.971623571545442327e-04,7.941243710616924419e-04,-2.785189111238774141e-04,8.063165136915410825e-04,-1.193989682242006009e-05,-6.863588241891628583e-04,1.297281386213936655e-03,-2.005928802157464289e-03,4.469757155693829449e-04,2.868098480587231926e-04,1.053556314862338222e-03,1.155700025430306688e-03,-5.170279258292055993e-04,6.522832356159798811e-04,2.965649535972725293e-03,-5.035780438919518903e-04,2.076518318090521224e-03,5.411650872497895601e-04,-1.966020682494744440e-04,1.053791645065648786e-03,1.129022863645248798e+01,7.766542716320617003e-05,8.661893214269994479e-07,1.064624715564285197e-04,-3.219245595691257959e-03,1.320505774938375110e-04,-7.382717020305183328e-04,-1.764758135817684633e-04,5.740013443087249589e-04,-1.065193958947132508e-03,1.200228269800946573e-04,1.649154065352556381e-03,-2.143059322493126063e-04,1.678580943218295615e-03,1.069624544920246001e-03,-8.072087174729736248e-04,-7.901515745003232947e-04,1.029507432408546721e-03,5.220860624723377974e-04,8.467078148759463792e-04,-4.529180533270152917e-04,-1.212561174454009853e-04,6.527778366972922892e-04,3.218846279496498462e-03,9.992463697132438621e-03,-1.234106604584026944e-03,-2.959945591857496240e-04,-1.625226226017913167e-04,6.120655563180064343e-05,-3.801901492499379061e-04,2.231007569137279860e-04,2.281820208230640084e-04,6.976988925231249195e-04,-3.295563242908202718e-04,2.535746120471942932e-05,-1.851925293848121542e-03,6.209933182644539846e-04,-6.545795491172340733e-04,-1.285786649934039447e-04,3.099192126190270652e-04,9.502165887787484503e-04,-1.014419022316250538e-03,4.525805633488859392e-04,6.240091201455220254e-05,-1.593027515530537862e-04,3.637033778976020426e-04,-2.486306480034873589e-04,-3.229625209880837176e-04,-4.680905555992684281e-05,-9.604357837481527376e-05,-8.305554954041107114e-05,1.473787358638170217e-04,3.215092819715864754e-03,-7.697841861677243852e-04,9.834411507395287612e-04,-1.419012095356651055e-03,4.217552147983195422e-03,2.406576576195716688e-03,-7.648358934076455139e-03,1.948922027246975577e-03,-1.858151791273392889e-03,6.666524490417035168e-03
1.101497012301856041e-04,6.820982958955924391e-04,-1.270427530763299385e-03,2.295128570826205001e-04,9.643854577241325800e-04,-2.558404816490935643e-04,-6.298418617032647488e-04,-1.226151805110976128e-03,-2.214148956776586870e-04,6.658426873091271864e-04,-7.298053311804247011e-04,1.421520956365792234e-03,8.136121041226436826e-04,4.441258893130668392e-04,3.455420307086091644e-05,-7.023499493743921504e-04,3.455575407793130653e-04,2.650636476765239752e-03,-7.235113195252530771e-04,7.105634446221472528e-04,-1.041784193892734143e-03,-7.977728875364366833e-04,7.766542716320617003e-05,1.129022875149005500e+01,-4.155193744522205773e-07,-2.664534218119627915e-04,8.267990139855486368e-05,-8.173043879653992070e-04,9.247450366149534027e-04,2.811771669791423948e-04,3.740825430999126719e-04,3.040949548855781392e-04,1.319079188397397203e-03,-4.966574275476476341e-06,1.937963263671817465e-04,7.217127628482988572e-04,-1.060317751456624213e-04,1.624190546475168251e-03,-5.035126862187164123e-04,1.132502518556598343e-03,-4.072328138416132347e-04,-1.957716187751415513e-04,4.046414289483619823e-04,3.940788713813817815e-04,9.087951986121444196e-04,1.353161667594810456e-03,-1.035628694303939758e-02,-1.907762944077914715e-03,-9.616096446818818682e-04,2.755121705878141119e-04,-6.072931436829725983e-04,1.803373988791866570e-04,3.228268830414416334e-05,8.471307402643033901e-04,-3.865530573534813226e-04,2.846786225166178042e-04,-1.386544789507034969e-04,8.033832589408502773e-04,7.354003613747111742e-04,-1.281892976961646101e-04,-1.041482917660126965e-03,-1.299148171051658918e-03,2.070123166562140050e-03,-2.323408031328685203e-04,-2.192117133040323487e-04,-1.092394473550767180e-03,1.885760656517264378e-04,-3.727525222483969378e-04,-6.381293636816576806e-04,4.201197184843524649e-04,-9.899335978880556032e-04,-7.568321610600195221e-04,-2.805730371611156546e-04,1.275006974489073389e-03,-9.403110473401975070e-05,7.456115992196163909e-04,1.461875855958602566e-04,-1.187064648948946491e-03,1.559780723526137634e-03,1.061425686195043017e-03,-2.535921376988117815e-03,-5.643307534591076452e-05,-2.237090486046002663e-03,-2.057138647742329848e-03
2.699407329731153427e-04,3.691474210699952855e-04,1.035924232790024586e-05,5.637765680332529122e-04,2.542002029375911012e-04,5.147979141993824261e-04,-1.385311771970202353e-03,-1.932402186846176283e-04,-7.925577575556742730e-04,7.679103440708180185e-05,1.573623947903489331e-03,-7.687209130074421906e-04,6.195664653916647642e-04,-6.655963494115015380e-04,-3.446868132568036694e-04,6.912507456375525938e-04,4.704628423737380882e-04,-1.453890021692492637e-04,-2.634140389703044233e-04,-2.171105706359949261e-03,-5.549801697502696699e-04,6.119273209731424445e-04,8.661893214269994479e-07,-4.155193744522205773e-07,1.129080478447396629e+01,-6.087915688373288225e-04,1.287571400506337671e-03,-1.637126758770197639e-04,1.905789806049620623e-04,-3.131376866454399499e-04,-1.135887514019540828e-03,-2.926581833681777406e-04,-3.260172179466041837e-04,-5.971474729149127414e-03,-1.045735347734839948e-03,-5.443845961897939012e-04,1.752806704846179289e-04,1.063505207472674203e-03,1.182438950032395483e-03,6.690513810113774115e-05,3.446244876964419052e-04,1.936554001547124678e-04,2.590513436167860093e-04,-4.064154650553410564e-04,-9.974322495262861088e-05,4.065813659865322692e-03,2.485192763065888905e-03,-1.744362725250251517e-03,-2.503051555330110950e-05,-2.647443669293071135e-04,-3.283895090158324166e-04,1.007531275464460094e-04,6.599609433432010973e-05,-2.201401987208746790e-04,8.735644209167526923e-04,-2.070521032058917450e-04,-1.811207529839416381e-04,-4.132955100747359679e-04,-1.402260655967075588e-04,1.210573579388045948e-03,1.819268560998782772e-03,6.104125284194079036e-04,-1.955943974448735054e-04,-1.109198197366899341e-03,3.142640658258559136e-04,1.062754816614136294e-03,-3.468806758348399544e-04,-1.017003926051613695e-03,7.664188127068233269e-04,-5.122890705892157613e-04,1.609922639151308444e-04,-1.446265099778204312e-05,-4.810595845522465393e-06,1.146460821143835841e-04,3.426235304474818536e-04,-1.508849397150503714e-03,-1.313210720776429846e-03,1.290686575156440685e-04,6.375591165250669382e-04,2.236558887339707823e-03,-1.201082712117275755e-03,-1.629012508300903272e-02,-2.501154340666367302e-03,-1.001695532786170580e-03
1.264793190122740689e-04,4.150260399890266100e-05,-2.467346573747337219e-04,-1.160532063148924167e-03,2.579989031329416038e-03,1.087466145208696019e-03,9.863723184475297473e-05,-5.367494823293478962e-04,-5.521218085354356007e-03,-2.223300265896948659e-03,-3.937870777920732821e-05,-7.186549771562681125e-04,-2.634600897193386821e-03,4.710737138135768880e-03,1.988188152655955259e-03,5.271238299317672349e-03,3.016938135260112397e-03,7.623910531775024424e-03,-7.729434273583135617e-04,2.769781936895789054e-03,-8.919328977845102655e-04,-2.183029910919367890e-04,1.064624715564285197e-04,-2.664534218119627915e-04,-6.087915688373288225e-04,1.132062918922349581e+01,-1.109715182633476318e-03,-1.133695062753042014e-03,2.363382534572952987e-04,-2.388274194392728603e-04,3.571752393353129669e-03,1.941282434066127563e-03,-1.362074559726228918e-04,4.233943312874181852e-05,-8.422274716649580384e-03,-3.101093068279366181e-03,-5.001768077495614279e-04,3.603694838158292505e-03,3.949384358992407557e-02,1.082985015947187215e-04,1.819105061015556274e-04,-1.518974536594952908e-04,3.606917598514163860e-04,3.879296283760256571e-06,1.149255483879785267e-03,-1.286345086089868243e-03,1.270509145587919719e-03,7.751422392923477608e-03,8.087213464497838844e-05,1.707453551990721630e-03,-8.315069974104354056e-03,-2.341611634958606588e-04,2.158527063828856083e-04,-6.679394689813953744e-04,8.086140789282072658e-05,-7.131325287728067924e-05,-5.274212085998979116e-04,-1.611905121955878404e-03,8.580128905488731538e-04,-3.226335473305258581e-04,-4.557873745443453322e-04,-8.669208657805937837e-04,7.331512490521091508e-06,1.216998869141454288e-03,-2.307703083224183112e-03,8.394886058169117151e-05,6.536460499117730883e-04,-8.177007128881460651e-04,-1.857494432121358126e-03,4.156546243646880995e-04,1.867487245978769195e-01,1.757352458582240218e-05,-3.748763613517318554e-05,8.178881439321016023e-05,4.203905360432055562e-05,-8.682285855656559368e-04,6.242216912253144257e-05,1.586401975343675107e-04,-4.417468929478227807e-02,7.171520289866793567e-04,-2.307153999057363902e-04,-9.052640788081620614e-05,-8.463263293554327930e-04,1.287210728275205336e-05
3.465237793645405714e-04,-1.437776031899103135e-03,5.641379738430462795e-04,-1.186725682333931997e-03,-3.262543010112152995e-04,-6.629230915639704310e-04,-1.332965885599227823e-04,-2.158805130269384007e-03,7.033738752718792994e-03,3.804336177328206873e-04,-2.940782443692294135e-04,2.467216232030982909e-03,3.475470015328829495e-04,-4.971175685370747555e-03,1.003150949970234990e-02,-7.281456573331027138e-03,-2.928293820375427181e-02,7.497908364279076698e-03,-5.395119938214913702e-02,-8.724457123866463659e-03,-2.591034883904409932e-04,8.960104099743341393e-04,-3.219245595691257959e-03,8.267990139855486368e-05,1.287571400506337671e-03,-1.109715182633476318e-03,1.132062987506978757e+01,-5.064500395926151881e-04,1.827256542519240662e-03,2.722035590343104298e-04,9.968894827216065457e-03,8.689359141096709635e-03,-2.868893520764095005e-05,9.950982768951177615e-05,2.969402461925322537e-03,-2.866299143875782919e-04,-2.128500289406681095e-04,-1.784764610466811098e-03,-1.468003185002325801e-02,-1.899244393938686270e-05,2.144320660272320991e-04,-7.394991690839453199e-04,-7.994163343478883016e-04,1.127997252070675905e-03,-1.423475600391163436e-04,4.751751271148720035e-04,2.608919468824938415e-02,-2.451069363550973778e-03,6.373277240349778383e-04,2.395595305623721138e-05,8.040908722237311013e-04,3.725291065553880182e-04,-1.443540389642522558e-04,-1.383265063005932778e-04,7.897345416521208859e-04,-3.153146413927351713e-04,-5.677418331787682446e-04,-7.542006726539444462e-03,-1.250693332712046486e-03,9.662530174752072959e-04,8.166732521358762700e-04,2.232472173464903459e-04,-1.294655295145729170e-04,5.831819552676916624e-04,-4.962075504763661243e-04,1.253254866985299611e-03,-1.317768100639367911e-03,2.341241242851915642e-04,-1.436666008394273412e-03,-5.679866050748070237e-04,-1.549425580526391233e-01,-1.117653553029602554e-04,7.485802771545915866e-04,-8.948986771937239852e-05,9.098057693724102303e-05,-7.217940115174378227e-05,8.317753181442944215e-05,-5.687793139455293195e-05,8.472352830985366290e-03,5.653566691138844566e-03,-1.150282224644523336e-02,-1.444705772419029900e-03,-4.383382377570977859e-04,-3.772225513354692775e-04
-3.057373915660919323e-04,-2.621703885387401817e-04,9.538177874205932259e-05,1.255860840002638167e-04,-1.079721671925484936e-03,8.769236104012363307e-05,-1.356510101804419719e-04,1.231168965541396335e-03,-1.134166277819441317e-05,-3.765464131182715349e-04,3.848449207730666967e-04,-2.575777012120178573e-04,2.035447891412640008e-04,4.868427455835234400e-04,1.815189089757925632e-06,4.898108406239942703e-05,8.153461606058383035e-04,5.812970032454123359e-04,7.596818518929709940e-04,-1.070310877725792753e-03,-2.249947274427377820e-04,-4.086163005720342138e-04,1.320505774938375110e-04,-8.173043879653992070e-04,-1.637126758770197639e-04,-1.133695062753042014e-03,-5.064500395926151881e-04,1.145760927581055810e+01,6.668354171003670026e-04,-5.116664516210222939e-04,1.808247487895269998e-03,1.365957420120346606e-03,-8.974134536085445063e-05,1.884405306589714141e-03,2.009634552820990967e-03,4.209180020637243516e-04,5.659830780299357489e-04,1.101966095410573769e-03,5.240695070015651338e-04,-9.516004053205337921e-04,1.596714288134583304e-04,5.288999370939217667e-04,-3.048037834909464124e-04,-1.398067369120486146e-03,1.076071319289157672e-03,1.154887737135779427e-02,1.556324184605280790e-02,-1.950758628117647137e-02,3.243497454777126247e-03,1.640261118069801178e-03,-1.734880486821215127e-03,-2.930699483232417882e-04,-3.059525423330855184e-04,1.391717431545076364e-03,4.287256453291381350e-04,1.261544317259192952e-03,9.740849799038350017e-04,4.436502548641118801e-03,-1.074886381127668211e-04,-1.058501689289878533e-03,4.378408409797356071e-04,-4.942380198148105253e-04,-2.479657666138626593e-03,9.331365611458903794e-04,-6.444067755014648395e-04,-3.005536815727370692e-03,-1.450541993509191219e-03,-3.669542062671431876e-04,-7.579819764129500786e-04,8.295597169125593778e-04,-5.163162081977293663e-03,-5.366886572701200665e-04,6.304788928000726583e-06,-1.303876281312284051e-03,-5.411425887425629381e-04,8.533124713789452679e-05,-1.129710312043948756e-04,-2.811898304919423002e-04,3.903650035971858133e-03,-1.163984574355845722e-03,-1.956684029180465537e-04,-2.043522439035250302e-03,1.625310204659943976e-03,2.023717894941931723e-03
2.949725631656967555e-04,-4.762436393014620839e-04,2.652793140541093164e-04,-6.327802311023000533e-04,-1.286844571578494483e-04,-6.664659735091387361e-04,8.590204960788215202e-05,-3.061838373000662686e-04,-5.229719578224997041e-04,-4.600563842994751917e-04,-4.803906189100562614e-04,-9.703814091495985110e-05,-9.889893892979330424e-05,1.474249199752856521e-04,-2.678421797377168582e-04,-4.945226696674853706e-04,8.627604859130499904e-04,-1.567485998592993424e-06,-4.933505103191099250e-04,-5.883788079537877191e-04,1.573369141693901430e-04,2.724963469109212147e-04,-7.382717020305183328e-04,9.247450366149534027e-04,1.905789806049620623e-04,2.363382534572952987e-04,1.827256542519240662e-03,6.668354171003670026e-04,1.145760911825877315e+01,-5.374175726024959035e-04,1.677285642939410626e-03,-1.988480083641191998e-03,1.667226274030277587e-04,1.325221803607909941e-03,-1.020147787046118059e-03,-9.816397521241982879e-04,1.584944155361128933e-03,-1.349863485614247790e-03,-1.292291037021775935e-03,1.000550603174898165e-04,-9.925521806769613004e-04,-3.574758677787471910e-04,1.865885696484050624e-04,-4.555050519821989647e-04,-1.458328009354826864e-04,-3.237472291723268725e-03,-2.576142419071153662e-03,-1.365730914894138122e-02,-1.127807587087173782e-02,2.553030160423920428e-05,-2.812385240403475050e-03,-4.522742494886594546e-04,-5.910561690553473718e-04,7.377266197767134211e-04,5.512836908393690689e-04,-1.639723438200898359e-03,-1.328502720733488150e-03,-1.467166382416211848e-02,-3.528511126041355972e-05,1.610072633985860924e-03,4.412072531815615373e-04,7.909619185902452831e-04,-1.738210625927549824e-03,1.601639871498816226e-03,-6.163198397972260555e-04,-3.208076055355862932e-04,9.037040739648029980e-04,-2.406956656439140918e-03,-1.332473066560806163e-03,-3.402371408862125534e-03,1.421165025610153336e-02,-1.678836721866324648e-04,-2.635599883687871656e-04,-5.412054096329617803e-04,2.809746681636809832e-04,9.073050681862565147e-04,1.509606443803779188e-04,1.185636060378414403e-03,-1.613068742939718914e-03,-9.305853028149764852e-04,-3.733401696328769725e-03,-2.069286230913260777e-03,-3.515318659123516966e-03,7.975438745152251593e-04
3.838905784782684462e-05,-4.372725294101344889e-04,3.255182968490998355e-04,2.878658278852358390e-04,-4.766025057248093758e-06,2.361041890945695396e-04,-6.509844894799280118e-05,-3.174825064470807642e-03,9.865160963150348310e-05,1.419117000562793206e-04,-1.040290799966584433e-04,3.742198498598734639e-04,1.075343758588065499e-03,-2.860837594735274889e-04,3.757344316907912591e-04,-1.254097929296246750e-03,1.729696341738456294e-04,2.505396250850722151e-03,-5.941507945138105318e-04,6.927204538448722415e-04,1.742943675573566841e-05,1.398916393679641886e-03,-1.764758135817684633e-04,2.811771669791423948e-04,-3.131376866454399499e-04,-2.388274194392728603e-04,2.722035590343104298e-04,-5.116664516210222939e-04,-5.374175726024959035e-04,1.145815294685308139e+01,-3.681399141053216220e-04,1.066740795859511372e-03,-1.984031653444146373e-04,-1.051866447291623270e-03,7.182729072097143036e-04,-6.238435052479431031e-04,-7.233668655104276771e-04,-1.596307491419321836e-03,4.375328831394765909e-03,-7.604838524421848227e-04,-8.020692526189992675e-04,5.029958758274069141e-04,-9.089323848509228221e-06,-6.275357281926287562e-05,5.145338101218374129e-06,9.462046274884565629e-04,-1.342830296426992913e-02,2.643907277536842494e-03,-7.021066122483770808e-03,-6.828119088225174244e-05,-2.133501158315657779e-03,-4.872480661928531949e-04,3.077944959921646720e-04,6.629723414238094257e-04,-1.163190380800251719e-03,1.774030465982730058e-03,5.145243622167380848e-04,-1.928412400709530452e-03,5.299613111966056112e-04,7.435916766346147011e-04,-7.714119027585134014e-04,2.715078554481495333e-04,5.532715765649652952e-04,2.211397933542351424e-03,-1.486802132387166075e-04,-1.453864268603916260e-03,-9.163690208079319777e-04,1.205442814488789927e-03,2.700895247812057365e-04,2.502310776912802098e-03,1.747043154098007478e-02,4.014412155964157685e-04,2.678181325679473046e-04,4.777686020163866626e-04,-3.487034519556034338e-04,-2.085562668734016736e-04,-2.072887172123337104e-04,9.939562586512042369e-05,-2.713250004323652931e-04,1.880337676734682444e-04,-1.156278820911313919e-03,4.065663660940722034e-03,-7.747793591579357764e-04,2.092786629643381396e-03
3.393554498512178601e-04,8.502836114901391948e-04,1.159842300424247883e-03,1.901942314593597916e-04,-2.619137376777590578e-04,-1.492542185229242882e-04,-1.114219903013580638e-06,7.622286966946395168e-03,3.260767279535954632e-03,-5.243467429411345811e-04,-1.216954180744486344e-03,-1.617520632683442858e-03,-1.593362105575998758e-03,4.288845103415220295e-03,-2.588641125393382342e-04,-3.162233454035850988e-04,7.413696741356209929e-04,1.417828167004683837e-03,1.866681739744746604e-04,-4.495973201304043210e-04,-4.312006009838643093e-04,-2.481430890164219860e-03,5.740013443087249589e-04,3.740825430999126719e-04,-1.135887514019540828e-03,3.571752393353129669e-03,9.968894827216065457e-03,1.808247487895269998e-03,1.677285642939410626e-03,-3.681399141053216220e-04,1.158703618063634089e+01,9.769622022736158817e-04,-1.358808446823012162e-04,5.094628661691746885e-03,-6.642336661605297010e-04,1.061190781562526553e-03,-1.821018626838366572e-03,3.312693200788086045e-03,8.755335662306126983e-04,8.141552200700667707e-05,7.425668794997690794e-05,-1.426876364612949741e-03,-1.022277088147418439e-03,1.017656649464043772e-03,4.006975933141046498e-04,-1.969826011951321398e-02,-2.147620741810960521e-01,-3.983223618775642155e-02,4.446282700290811463e-02,-1.416810793445650012e-03,1.443718463689985798e-03,3.370011507135839413e-04,-3.977814493911352445e-05,-3.329920777911561658e-05,1.109438861032152612e-03,2.879939468674472258e-03,1.289609430426101599e-03,-4.655819165395026771e-02,-1.084891535413461117e-03,1.015894819661841697e-03,1.058063308564284946e-03,8.119795789816063643e-04,-5.366657420059596853e-04,-7.235849316369474815e-04,7.108476995811227606e-04,-1.298979169147174151e-03,7.330982026557512909e-04,3.828197349447766060e-03,1.878004043886443916e-03,-4.002685101400751261e-03,1.822920783668650815e-03,3.853398700699348870e-05,1.473269588887305759e-04,2.739645683957941035e-04,-6.328972970411059001e-04,-1.164098746908178881e-03,-4.470750400912736284e-04,2.170300949604999404e-04,-4.102300331131587124e-03,7.053424882504297482e-04,6.230732539917172713e-03,8.319742426223705398e-03,-3.399580336212329815e-03,-2.298381455985711377e-03
-1.620676535968710100e-03,5.148619227665943501e-03,-1.676898755914034943e-03,5.727601240392132115e-04,5.252034674843586437e-06,2.514996382773759115e-04,1.590973510694532916e-04,3.079633502391461441e-02,-6.802915191377045812e-04,6.817282247482516280e-04,-9.642419761362467159e-04,-8.014952888496344741e-05,-1.478901783788027016e-03,5.062938769113452947e-04,1.003709483745417186e-03,1.530657337391674866e-04,1.542026624805271917e-03,-1.826485859753729235e-05,-4.154757870837716416e-03,-1.026074443167412573e-03,4.068188008163581282e-03,3.817789181517713439e-04,-1.065193958947132508e-03,3.040949548855781392e-04,-2.926581833681777406e-04,1.941282434066127563e-03,8.689359141096709635e-03,1.365957420120346606e-03,-1.988480083641191998e-03,1.066740795859511372e-03,9.769622022736158817e-04,1.158703655770181484e+01,6.740480022671135885e-04,-2.653020720334575699e-04,2.025889425161242485e-03,1.085333289516654531e-04,4.071112924148856393e-04,3.301261713382075413e-03,-2.216795024181632094e-03,3.094949613100693095e-04,3.787501940193160931e-04,3.793226253971763995e-04,-8.634928276260315019e-04,6.916077358299667355e-04,-9.047500933111185528e-05,-2.130291083187421664e-02,-4.590350382235716675e-02,5.448483761378225543e-02,1.917828485882679124e-02,-1.629835291031491058e-04,-1.218150343525022106e-03,7.180383163718148665e-04,-1.428229390117163877e-05,-1.528864146133734891e-03,2.980646065045312876e-04,2.801157725779103783e-03,3.296942220039501131e-03,-1.456266037522471746e-02,-1.220488236444654262e-03,-2.072646791238870467e-03,3.032610619760799792e-03,9.184822565433256245e-04,-6.153640048265364947e-04,1.134886846494154167e-04,-6.876787967737413299e-04,1.260833468017363845e-03,4.879233517006420495e-04,-1.360613437707033913e-03,1.268497189039822799e-03,-4.981125469245826533e-04,-2.537379389723268611e-03,3.932065526294128825e-04,8.586200809457065607e-04,4.099426153665145802e-04,5.647438147788960824e-04,1.835223104334447958e-03,3.169175813546338139e-04,4.745570984663223524e-04,3.256219916101342655e-03,-3.009926403674314035e-03,5.177113438412980079e-04,5.070900778172651030e-03,-1.797425869325236861e-03,-7.618469504197468607e-05
1.052316844459221055e-03,-5.195779163762297972e-04,7.589092333673778251e-04,6.813714755100036113e-04,-5.573108924147082005e-04,-7.364941316961798670e-04,3.102064538774327261e-05,9.260438360469500779e-04,1.014183085918060959e-03,1.441165680834860172e-03,-2.940385192356335942e-04,-3.460948003130218239e-04,5.938758764463467066e-04,-2.515481254016932455e-03,-7.166222151532702922e-05,-9.639199302378638826e-05,-2.621422913383214537e-04,2.203618031338949734e-04,-1.436409034001259744e-04,-3.228285065952430158e-04,1.923916319725021973e-04,-6.150198890908578631e-04,1.200228269800946573e-04,1.319079188397397203e-03,-3.260172179466041837e-04,-1.362074559726228918e-04,-2.868893520764095005e-05,-8.974134536085445063e-05,1.667226274030277587e-04,-1.984031653444146373e-04,-1.358808446823012162e-04,6.740480022671135885e-04,1.159397596184263435e+01,8.693866551464229930e-04,-6.629385297909351493e-04,2.403102801029621816e-04,-2.826518393459626077e-05,1.917807920196606952e-05,4.097561443693074033e-03,-3.701562160349904725e-04,8.776093589625322310e-04,7.462969037848165427e-04,-2.987891142718974991e-03,5.080873030597126902e-04,1.065560549953199418e-03,3.078073059039343473e-03,-3.308607628787252342e-02,-1.008500156730049446e-02,9.132743336641088727e-04,-4.658394054253116594e-04,-2.452048781630068470e-03,1.365846944874765656e-03,-5.514037525434431486e-04,3.497954647017978425e-04,4.332026704361967295e-04,-3.637327574202652535e-04,1.185777929684137671e-03,1.479267007962616065e-02,1.866126297085572792e-04,1.606848943834723181e-03,-1.003645559391045912e-03,-2.023596535339462765e-03,-1.781800829109836393e-04,6.592071831679480187e-04,5.634919090488112181e-04,-2.361859590931840794e-03,-1.762048716225851630e-03,-5.626535982268358882e-04,4.865875772500456373e-04,-2.902869776125377270e-03,-1.505363919762791117e-03,-2.441856659019348377e-04,7.204936478106226377e-05,-1.250565640724665088e-03,1.469382148656453446e-04,-9.450819408085378050e-04,1.258606225242023171e-03,-5.952156674031009505e-04,-1.152892781435222759e-02,-2.293414357578030683e-03,1.755241180315757384e-03,-8.955354997734841366e-05,-1.908873574971374498e-03,8.014250371847424052e-04
3.006776568117185307e-03,-3.070290866554260031e-04,2.103880711337169102e-04,4.652461882660619170e-04,-5.017915668136972360e-05,-4.323544574878282476e-03,-2.162074214165676019e-04,4.978166377475785886e-04,-3.827193223703345346e-04,-2.882948118366366816e-04,4.532857091059341870e-03,-1.338074265396012753e-03,-7.796960895046745835e-04,1.648828066009105919e-03,-1.192717467274722644e-03,-6.454364916455117285e-04,-4.182329412405205726e-04,-1.270522474378921185e-04,-4.663808095442048551e-04,-4.697121251263473851e-04,-2.205841500526311422e-04,1.357380013308831512e-03,1.649154065352556381e-03,-4.966574275476476341e-06,-5.971474729149127414e-03,4.233943312874181852e-05,9.950982768951177615e-05,1.884405306589714141e-03,1.325221803607909941e-03,-1.051866447291623270e-03,5.094628661691746885e-03,-2.653020720334575699e-04,8.693866551464229930e-04,1.159399286068425639e+01,-1.465493598686862242e-04,6.159442223241384795e-05,-1.545449266057014048e-05,-6.263261896601035605e-06,-2.045693998532299718e-03,1.956769868776370527e-04,-2.189453273965555162e-04,-5.910140947538743139e-03,-9.883227996265423095e-04,4.377909244001453731e-04,-9.623736994185828203e-05,2.572416023475708469e-03,1.409295694762564832e-02,-3.541582914649177294e-03,-6.607960545683216891e-03,-2.653703987923410165e-04,-1.810607309783020952e-03,8.614100208370438494e-05,-7.725976789534350075e-04,1.433945160353868042e-03,1.660631712413346284e-03,-1.126210602736137795e-02,-1.077059880063235831e-03,2.399012704836698401e-02,-8.286984662778662525e-04,2.830205369256169612e-04,-2.071454888744952982e-04,3.899503352277067236e-04,-1.639898735204814439e-04,-1.022550413015689899e-03,3.579717728424969270e-04,-1.093927591635927496e-03,9.197150065228462679e-04,1.408601858294972198e-03,1.036758336023083094e-03,3.955847896814475295e-03,-6.581049763262199377e-03,3.594054837676823044e-04,-4.389673750262438516e-04,1.814042406301764020e-04,-1.617610083708368590e-04,-3.108769891082400517e-04,1.441675868596017061e-03,7.988513786000186849e-06,2.172541059270306600e-03,-1.591560481186513054e-03,-8.342988815900256178e-04,1.913443376927918913e-03,2.784643772612447818e-04,-3.659931690184954275e-03
6.658837173677324174e-04,5.822348829719490790e-04,-9.344953014789394996e-04,-1.205891688028622524e-03,-9.527752763949758064e-04,-5.458469527953478326e-04,-1.876428352037441813e-04,4.668675401752683807e-04,-5.786260375108711988e-04,-4.997444052219288113e-05,9.298100797506740449e-04,-1.533575062457339560e-03,3.933793463538448718e-04,-2.712886310207293303e-04,-9.844469244058295931e-04,1.596102756464656824e-03,8.154800339913725882e-04,-7.201151920629145220e-04,6.544959525354614779e-04,1.124614433391540880e-03,1.273289277978248424e-03,-5.357146931890370556e-05,-2.143059322493126063e-04,1.937963263671817465e-04,-1.045735347734839948e-03,-8.422274716649580384e-03,2.969402461925322537e-03,2.009634552820990967e-03,-1.020147787046118059e-03,7.182729072097143036e-04,-6.642336661605297010e-04,2.025889425161242485e-03,-6.629385297909351493e-04,-1.465493598686862242e-04,1.159463763642650136e+01,2.004737346349427796e-04,5.168673839017756677e-05,2.340540539341740001e-05,-1.840668275326135753e-03,2.184702927465341678e-04,-2.446717166610355449e-04,3.037089108324777728e-04,8.391994859120644910e-04,-3.488860033329654886e-04,-1.050230682422402528e-03,-1.507997159938306853e-02,2.070459442765152508e-02,-1.129199037125359073e-01,1.400729583575496817e-03,2.107080676076524299e-04,4.636701912319459579e-03,-2.828786982065900624e-04,8.880115202811039721e-04,9.844923801102800631e-04,1.058518828246948068e-03,-2.741227352069324809e-03,-1.262173376575308377e-03,-2.117611582888735688e-03,4.469527308517823316e-04,-4.616314804790633275e-04,2.098193690400290690e-03,1.153811610931942434e-03,4.649760799223974506e-04,4.357308200098747308e-05,-2.794983966898575978e-04,-4.593209692596647575e-04,-1.056796005535459715e-03,5.561279814288444534e-04,5.990972093949248345e-05,-4.082370502647517455e-03,-1.847620667657159932e-05,1.071911713997534372e-04,-1.768337945940580511e-04,1.515888844731502370e-04,3.271037771553414117e-04,2.596377193472991290e-04,1.910418326351552977e-04,4.597556507098100962e-04,1.485184867938289452e-03,4.112883749555013881e-03,-2.382914665777311619e-05,-1.900671487383254026e-03,2.647281958380397204e-03,-3.093108221988708460e-03
1.755668662854384388e-03,1.889009531318959836e-04,-9.278968226286066125e-04,2.049486669290159855e-03,-5.327103143361287818e-04,-5.505750182939472825e-06,2.048235795099237998e-04,1.396307940224008302e-03,1.241656416566669016e-04,-4.766215669887920062e-04,1.719920084180034253e-04,-1.229286290371393387e-03,-1.053330669472671635e-04,9.359850206986375376e-04,2.944344811906193533e-04,-6.340618027084465869e-04,6.906859142432747456e-04,1.534032997229338446e-03,-2.898078790257788140e-04,-5.072814115025525705e-04,2.923235012139138375e-04,-3.036006668487509219e-04,1.678580943218295615e-03,7.217127628482988572e-04,-5.443845961897939012e-04,-3.101093068279366181e-03,-2.866299143875782919e-04,4.209180020637243516e-04,-9.816397521241982879e-04,-6.238435052479431031e-04,1.061190781562526553e-03,1.085333289516654531e-04,2.403102801029621816e-04,6.159442223241384795e-05,2.004737346349427796e-04,1.159463563097428285e+01,-2.052130081209302404e-05,5.786527961465504077e-05,-5.834457368935003566e-03,1.716651134124269010e-04,4.349255557890706510e-04,1.679343394844268200e-03,7.663792203841460204e-04,-1.180699382883183823e-03,8.539632158130819328e-05,4.074198717994817476e-02,5.275281739758100330e-02,3.819917473313688694e-02,-8.654048772796463229e-03,3.640893169034162182e-04,-4.384795480140448592e-03,6.549126513059541632e-04,7.759329977142029322e-05,-3.233056976775783298e-06,-1.115862384343468960e-03,-7.525998750315336661e-03,-1.216037690127572818e-03,8.131585942004516260e-03,-8.325139187240621075e-04,1.492023052106522529e-03,4.258446368882895516e-03,8.083957565919175359e-04,9.105224748821166836e-05,-4.819285564657480037e-04,-3.012116668765982275e-04,-1.419474161993616868e-03,-2.236888525916552739e-03,-3.138473968290492189e-03,2.887610022555026079e-03,-5.743297860524381425e-03,-3.705804004721422081e-03,6.346345286952103011e-05,2.872588338583350080e-04,1.414275383694133534e-04,-4.618661365520563774e-05,-1.630272624278438290e-05,8.635697891624940451e-04,3.028173660726541077e-04,9.272594110802067496e-03,1.790737528205948309e-03,-2.390719396751019542e-03,-1.385897874595589177e-03,-2.027426493294395924e-03,8.221973173931799777e-04
-6.733576253339541851e-04,-1.181417350303004196e-03,1.870958875706636368e-03,1.239324707338217060e-04,1.750915370287708939e-04,1.039963379043246094e-04,2.266701111936690691e-04,-8.228274953326369934e-03,2.183241684397818627e-03,-1.631263166716891253e-04,3.155064906947184847e-04,-1.730076507402387997e-03,-5.387536223706241093e-04,8.145103786920959710e-04,-7.310371065089860121e-04,-5.095721086737867861e-04,-1.581305947672606918e-03,-9.080879306312321462e-04,-5.110999905658794237e-03,3.730717882203641450e-03,-1.791744627369001863e-03,-1.110551161937797793e-03,1.069624544920246001e-03,-1.060317751456624213e-04,1.752806704846179289e-04,-5.001768077495614279e-04,-2.128500289406681095e-04,5.659830780299357489e-04,1.584944155361128933e-03,-7.233668655104276771e-04,-1.821018626838366572e-03,4.071112924148856393e-04,-2.826518393459626077e-05,-1.545449266057014048e-05,5.168673839017756677e-05,-2.052130081209302404e-05,1.159729811451947867e+01,1.303421391384059630e-04,1.995270531602024930e-04,-2.135989904817497433e-04,-5.292026717094273306e-05,9.305138847556710703e-04,-4.002246042509333829e-04,-9.102972773028100706e-04,1.502870434464079197e-03,9.038511411877725443e-03,-9.233523915775168622e-02,7.115238083411343228e-02,5.653922842904272883e-03,-1.335062361077476165e-04,1.958786961753096120e-03,-4.757185823499043842e-04,8.098687965688300405e-04,-1.512432501638155680e-03,-1.092031942585225401e-03,1.211898650788741788e-03,-3.510476273750756659e-03,-3.652890675557243089e-02,-9.672068252155195840e-04,2.029050468553903266e-03,1.645759301859880952e-03,2.915046246534805721e-04,-5.602770135908151893e-04,1.938362037819968409e-03,-9.415554258893343853e-04,-1.055911859481180326e-03,2.275314659797793293e-03,-2.272927410196249470e-03,-3.827143090946354478e-04,-1.612104360978052625e-03,-4.285099715579995111e-04,-2.601333247551822301e-04,1.243474088493071324e-05,3.707463773498744148e-04,9.012395156427833228e-04,-5.280907225922394557e-04,8.252779040501675382e-04,-3.498875080298348948e-04,1.053035166310476584e-03,4.433037996510033260e-04,2.660448633412270704e-03,-3.583687842746024338e-03,2.034157930377618675e-03,-2.056833237935876395e-03
-1.502077707476745906e-03,-8.503669686551893619e-03,-4.701863157252511929e-03,1.348038693114970987e-04,3.219598916375382425e-04,-6.253207116949021857e-04,-1.277225472929339621e-05,-2.167453523544957822e-02,6.419822387314037121e-04,3.676750623003539713e-03,1.243568487533511192e-03,-4.196606442602297989e-03,7.694857857911144294e-03,-4.735089532149766578e-04,-9.998092184837076291e-04,-1.191298677967150442e-03,2.930975713972141117e-03,-3.365890551373477112e-03,-1.961829728075725580e-03,6.068517361632194077e-04,-1.833624792764554368e-03,1.725158185546069034e-03,-8.072087174729736248e-04,1.624190546475168251e-03,1.063505207472674203e-03,3.603694838158292505e-03,-1.784764610466811098e-03,1.101966095410573769e-03,-1.349863485614247790e-03,-1.596307491419321836e-03,3.312693200788086045e-03,3.301261713382075413e-03,1.917807920196606952e-05,-6.263261896601035605e-06,2.340540539341740001e-05,5.786527961465504077e-05,1.303421391384059630e-04,1.159729432849797526e+01,-1.594910310701646867e-03,6.760911690195212272e-04,1.590025389262925831e-04,-6.352017197964084094e-04,3.173198533236044200e-04,1.776847621140317801e-03,7.233860191674240658e-04,-5.492553514413467397e-05,4.918095815433305706e-02,5.106248103009566192e-02,-2.607596912706315606e-02,6.035460547300953993e-04,-5.108775097725707162e-03,-1.223577322659351926e-04,6.112422363401537329e-04,-7.930111199971889846e-04,6.740209198687480141e-04,-2.538323124791571489e-03,-8.938004654195363941e-04,2.656457479766716201e-02,-1.503570170371490433e-03,9.786287741614940749e-04,3.741602703902699271e-03,8.041138424906024186e-04,-6.436887539079212336e-04,-1.427369599346913626e-03,-4.397996641899437620e-04,-7.655177214857533663e-04,1.431351680351241468e-03,1.608887099726841186e-03,2.134081949897731131e-03,2.680248564037722436e-03,7.079194661322851106e-04,1.357438325338860597e-04,3.220232143056314038e-04,3.974217061863499182e-04,-7.724444466091925053e-04,-1.456184304705657531e-03,6.461773110711720256e-04,-2.218180928619522142e-04,-5.378940657990612974e-03,-2.785786551666773192e-03,-4.624904150514950324e-03,-8.812163032810184718e-03,-2.342919418068089427e-04,-4.885465113645304398e-03
7.038164900316870067e-05,1.043115333482251745e-04,3.528457766991574237e-04,3.390257897606145047e-04,-5.565110078645192420e-05,1.983049552164381241e-04,-5.021400291428072945e-04,-1.013959336138539787e-04,1.280019978037289907e-03,-6.306876742902027761e-04,-7.150482258542274934e-04,4.268346587556024353e-04,2.936011529475349071e-03,4.510917922159596435e-04,-1.734145376420991795e-04,6.809374394916908185e-04,-3.127024150423473974e-03,-7.922705110143674068e-05,-7.512499256317941437e-05,-6.138598308364318773e-03,7.954814082179877425e-04,-1.232898963537022317e-04,-7.901515745003232947e-04,-5.035126862187164123e-04,1.182438950032395483e-03,3.949384358992407557e-02,-1.468003185002325801e-02,5.240695070015651338e-04,-1.292291037021775935e-03,4.375328831394765909e-03,8.755335662306126983e-04,-2.216795024181632094e-03,4.097561443693074033e-03,-2.045693998532299718e-03,-1.840668275326135753e-03,-5.834457368935003566e-03,1.995270531602024930e-04,-1.594910310701646867e-03,1.162252661858965119e+01,-1.007195042093445275e-03,1.156473883345462842e-03,-9.852640231018257549e-05,4.978145212599576841e-04,8.679145358535553332e-04,-2.656241324241434519e-05,4.018688330713020632e-03,-1.231887279792754503e-02,-6.358327466563503533e-03,-1.881211339770433658e-02,-4.379457530220634554e-04,5.337524295025839437e-03,-7.024240004930950351e-04,4.702226248163562721e-04,1.149432631326345079e-03,-9.549393904572647460e-05,-7.949187647603852408e-03,2.322375574702210954e-03,-2.838041110714333709e-02,6.517221950796178026e-05,-9.246459227446098689e-04,2.099466101230318751e-03,-3.549801009872812201e-04,1.204058800647931238e-03,4.758088403054524813e-05,9.140599320145432853e-04,-1.220310431205955657e-04,-3.262172559976293882e-03,2.487133908337226928e-03,-5.856479942077556095e-03,5.142288898568743438e-02,2.594736995632704324e-02,9.766212464886059742e-05,7.015123740667264887e-05,2.793690183661618506e-04,-9.847320109804054856e-04,9.971677543232429497e-04,4.089653493763393405e-04,7.509646602423217677e-04,-4.587112080849948116e-04,2.015115538387275132e-04,-7.035451815669138209e-04,-9.860816586765915482e-05,-3.736223620586061811e-04,7.575150850824976341e-04
-2.673013341666134420e-04,-4.959289109708220778e-04,4.320230289977725199e-05,5.143175260405126112e-04,4.008472462937426903e-04,-2.249240242353311796e-04,3.214690454951480759e-04,-3.036735626340749273e-04,8.431286549791895462e-05,2.104907920427343763e-04,3.232211609909454563e-04,-3.232992129044943096e-04,1.302283089200603500e-05,9.908954386479946824e-05,-2.520236664397804052e-04,1.572061493954121235e-04,-2.252992786808089378e-04,6.247945258203264299e-04,3.898996623072015699e-04,-5.585204208678868319e-04,7.585023904102295182e-04,7.094727103570409301e-04,1.029507432408546721e-03,1.132502518556598343e-03,6.690513810113774115e-05,1.082985015947187215e-04,-1.899244393938686270e-05,-9.516004053205337921e-04,1.000550603174898165e-04,-7.604838524421848227e-04,8.141552200700667707e-05,3.094949613100693095e-04,-3.701562160349904725e-04,1.956769868776370527e-04,2.184702927465341678e-04,1.716651134124269010e-04,-2.135989904817497433e-04,6.760911690195212272e-04,-1.007195042093445275e-03,1.165419899645518598e+01,-6.728671161793898462e-04,5.258867101629847735e-04,-4.478496798369783257e-07,-5.790523430607597433e-04,-1.426858867846054167e-04,3.412800917075046667e-03,-6.843120031675807438e-04,2.088012781313939963e-03,7.558404985642760456e-04,-4.636269624012912243e-04,1.493733408125772779e-04,-3.818251005398796689e-04,2.805791055984337362e-04,8.141190526430221869e-04,-1.283407220647127372e-05,5.589846738494303022e-05,-1.004161200374257954e-04,7.491644962652384016e-04,-7.965012831502166213e-04,-1.175516600483282603e-03,2.766640672916931520e-05,-1.104932173802780637e-03,1.219169042683418414e-03,2.561672033579084906e-04,9.611203529952851154e-04,-9.142521582797334505e-04,-9.194533269103327688e-04,-2.393218352129619642e-04,8.127795448263833546e-04,5.063470711629900877e-04,-4.512693952163161271e-04,1.607224318845117930e-04,-3.724324529647273733e-04,7.493533010613309415e-04,-2.724814299302422138e-04,1.219934216025654605e-03,1.981864407828926782e-04,2.262820826429236048e-04,2.234624857220627106e-03,9.281903408667486338e-04,3.789523867948601382e-04,5.600417361962650286e-04,-3.302612064633444556e-04,1.032764911704616134e-03
-7.213914455989489530e-04,2.300874882629174237e-04,-2.846371756972041465e-04,-5.650424516785293786e-05,2.496578103047804396e-04,9.678406611304907160e-04,3.614479774216756980e-04,-3.574023124059099295e-05,1.894367839704897295e-04,-1.892173115978375536e-04,-1.049408637981040547e-03,5.211256534643684407e-04,2.198806580506072121e-04,1.523406484014603940e-05,-6.387179526290531870e-05,2.016742109046444371e-04,-4.112019592236516082e-04,2.095212984674933981e-04,-1.972704338415258961e-05,-4.720024976106502340e-04,2.223301617256810453e-04,4.417119150499445755e-04,5.220860624723377974e-04,-4.072328138416132347e-04,3.446244876964419052e-04,1.819105061015556274e-04,2.144320660272320991e-04,1.596714288134583304e-04,-9.925521806769613004e-04,-8.020692526189992675e-04,7.425668794997690794e-05,3.787501940193160931e-04,8.776093589625322310e-04,-2.189453273965555162e-04,-2.446717166610355449e-04,4.349255557890706510e-04,-5.292026717094273306e-05,1.590025389262925831e-04,1.156473883345462842e-03,-6.728671161793898462e-04,1.165419895724931010e+01,-7.672310906309174304e-04,-3.289539777096047303e-04,6.566056574060201304e-04,-3.703682381986723093e-04,-4.622543342763822324e-04,-3.464610526382313083e-03,-1.240448331449077717e-03,1.484104820180922723e-03,-1.634042180226050384e-04,7.540408441975250469e-05,3.951128003207910648e-04,1.223110635179560876e-04,1.459133519887644535e-04,-4.608806715882687128e-04,-4.794018637582854637e-05,-1.217885124377114116e-04,-3.482461273719171307e-04,1.331579669040312136e-03,-1.766214127671084100e-03,-1.127740150599254761e-04,5.026909772838511481e-04,3.575749093324420702e-04,3.178106860510059029e-04,4.000647653183489472e-04,-1.747468549882988387e-04,1.439279946957135875e-03,2.338253809708354392e-03,-1.494549333659919536e-04,5.192577131221971093e-04,5.080074618312770953e-04,-2.687864018675684358e-04,-4.625324730106858320e-04,-3.440745266524867976e-04,-3.120968727863684478e-04,1.177608561684166753e-03,2.348222216558124476e-04,1.556748595749186091e-04,1.808164772995749566e-04,2.850309812993897553e-04,-2.710813214625903272e-03,4.616815023580234795e-04,-1.762647355848852987e-04,7.251248473899556818e-04
-6.112122606877787388e-06,-1.939414526856737147e-04,1.651772219194598806e-04,9.998905173214198833e-04,-3.448442814787527075e-04,-8.984801242059971618e-05,-3.234627779225707081e-04,1.440485824365754779e-04,-1.155495707671377642e-04,-2.477623435713987654e-05,-9.766372036678939994e-04,1.543776222462101217e-03,-1.686201905271094868e-03,6.718902295242623005e-04,-9.335965875209768262e-04,-7.710012638648983552e-04,1.670879363924585893e-04,-4.514867529639485363e-04,4.694485869442075062e-04,9.829229712613166050e-04,-8.824440358383774281e-04,1.356241416799574130e-04,8.467078148759463792e-04,-1.957716187751415513e-04,1.936554001547124678e-04,-1.518974536594952908e-04,-7.394991690839453199e-04,5.288999370939217667e-04,-3.574758677787471910e-04,5.029958758274069141e-04,-1.426876364612949741e-03,3.793226253971763995e-04,7.462969037848165427e-04,-5.910140947538743139e-03,3.037089108324777728e-04,1.679343394844268200e-03,9.305138847556710703e-04,-6.352017197964084094e-04,-9.852640231018257549e-05,5.258867101629847735e-04,-7.672310906309174304e-04,1.165634985647151822e+01,-1.288672771637688625e-04,-5.534539439872726563e-06,4.565302635343645998e-06,-3.106461395886616272e-04,3.993073111298901931e-04,1.887477425646367796e-03,-2.383101460819855681e-03,4.714597860028767445e-04,1.054852302813415188e-03,-5.611776761886680441e-04,-1.353422146855504929e-03,1.363212454230876367e-03,-8.481017377104681015e-05,-8.758932869589986479e-04,-6.670744755090133801e-05,-3.107177630926335836e-04,1.694501478099151581e-04,2.120215886986690640e-03,6.682747338628350353e-04,-7.215441995787605974e-04,1.574971924615743875e-05,9.491379202729195719e-04,-3.231683571960353163e-04,-1.564838731247289103e-03,-1.004734768755625313e-03,-1.189112957047447350e-04,3.826320278887962445e-05,2.048319055745559262e-04,1.977237223864210442e-04,-2.025338368991535143e-04,1.658016032150521615e-04,-8.083514537690633531e-04,-8.664597359318015890e-04,4.079225893310171620e-04,5.212287477244046275e-04,-3.882873026259057439e-04,-2.334948184468799278e-04,-1.627339338218972793e-04,2.794254657128433187e-04,1.368974779229126118e-03,-1.053811217891014677e-03,-7.938228738698259110e-04
9.788900159099938366e-05,4.668306556177928579e-04,-1.814832934386353394e-04,4.913207718191384458e-05,-8.210200030781888503e-04,1.115543428952182919e-06,1.698084092137899402e-04,3.933760798184934718e-05,1.218088021960365638e-04,-2.041108141201564575e-04,4.802305765005772040e-04,8.529697015161802950e-04,2.673537077461112747e-03,6.510557191656519364e-06,-1.551705007464309943e-04,-4.815258630360227552e-05,1.067861587257747422e-04,3.942908935635581558e-04,4.058155993259808959e-04,-1.519239251723781495e-05,3.137241153988923532e-04,-5.114506573830873010e-05,-4.529180533270152917e-04,4.046414289483619823e-04,2.590513436167860093e-04,3.606917598514163860e-04,-7.994163343478883016e-04,-3.048037834909464124e-04,1.865885696484050624e-04,-9.089323848509228221e-06,-1.022277088147418439e-03,-8.634928276260315019e-04,-2.987891142718974991e-03,-9.883227996265423095e-04,8.391994859120644910e-04,7.663792203841460204e-04,-4.002246042509333829e-04,3.173198533236044200e-04,4.978145212599576841e-04,-4.478496798369783257e-07,-3.289539777096047303e-04,-1.288672771637688625e-04,1.165635273616436862e+01,-7.745713121474605972e-06,5.579154800550763932e-06,-2.277872455193865903e-03,-2.493899973014762454e-04,8.161815332603590718e-04,-1.985750107073578404e-04,-8.127244937831418908e-04,-1.440645085430029317e-03,6.877765507590175714e-04,-6.555469041681125748e-04,-1.572598947839136310e-03,4.376299271671682707e-04,-2.505989207870390115e-05,-7.041779400437396855e-05,1.859553405550636593e-04,-7.720702088364539070e-04,-6.538509874205664096e-04,1.228184217269716327e-03,9.445721878841683693e-04,1.521616872365499657e-03,7.225960275175080660e-04,1.428596127247168390e-04,1.723618423744861794e-02,-3.350861807495941758e-04,-2.570026872332834000e-04,1.344900093899783350e-03,-3.528977684858886055e-04,-5.743935459436241581e-04,1.906950803231911352e-04,-1.040572902819919489e-04,-5.123789928539656743e-04,-6.762658524794370888e-04,1.594845354092762606e-04,6.234728058878108263e-05,1.127834811292796266e-04,-3.902494822368415828e-03,-1.651720363125800013e-03,2.106946780920758346e-03,1.654245095759292574e-04,1.286452712301772681e-03,2.125692198635915431e-05
-2.139030825306893562e-04,-1.059977426040657322e-04,-1.713878907711771475e-04,1.783385882330753398e-04,-8.126167359413277898e-04,-7.600760292633119801e-04,6.176671488502405308e-05,3.401936107676678056e-05,1.132746922500400464e-04,-6.495920022866072613e-04,-7.517431681984533499e-04,-1.399233588666273223e-03,-9.791141403057948729e-04,7.095832418989974277e-04,-3.418262113467639184e-04,5.787862483178517117e-04,-1.227380643177245108e-03,5.045079028102792936e-04,8.435375270190022213e-04,-3.781076548058502520e-04,4.555151579200527722e-04,1.153262234969797259e-03,-1.212561174454009853e-04,3.940788713813817815e-04,-4.064154650553410564e-04,3.879296283760256571e-06,1.127997252070675905e-03,-1.398067369120486146e-03,-4.555050519821989647e-04,-6.275357281926287562e-05,1.017656649464043772e-03,6.916077358299667355e-04,5.080873030597126902e-04,4.377909244001453731e-04,-3.488860033329654886e-04,-1.180699382883183823e-03,-9.102972773028100706e-04,1.776847621140317801e-03,8.679145358535553332e-04,-5.790523430607597433e-04,6.566056574060201304e-04,-5.534539439872726563e-06,-7.745713121474605972e-06,1.165742727781674226e+01,-1.451758228952575690e-07,7.333283912087232900e-04,-3.693024642421324950e-03,1.344729110229354093e-03,5.194987039184185279e-04,1.657241323821466276e-04,1.426423535200332850e-03,3.057048541955183132e-04,-6.140509540002239426e-05,-1.403289679303710343e-03,1.242330334415007228e-03,2.384337998735793981e-07,8.061817704751124197e-04,-1.354426907519316143e-03,3.211887941433101690e-04,-1.066736992731295592e-03,1.555796772191392341e-03,1.471768532530979418e-03,1.543418780360662768e-04,-3.031523350417661411e-04,-4.420458202143567883e-04,7.825131793023840099e-04,4.466402966156191034e-04,2.624669221482980874e-04,9.283789614088211462e-05,2.114221455190061754e-03,1.218967650230310350e-04,1.325982176845323126e-04,-1.167028530293420633e-04,1.142148131011022725e-03,5.320952306165636133e-04,-4.520384033583399854e-04,9.948949341403755860e-04,7.870236901033293838e-04,6.181753079526216242e-05,-3.318254408671251869e-03,-2.580963580961713553e-03,2.765226882778679118e-03,1.071170448133887832e-03,8.965852096995364715e-04
-1.399725785410811251e-04,1.022428861001709277e-04,7.546107556983486925e-05,6.575466851388354862e-04,-7.440651028245220348e-05,-9.211917616112473995e-04,1.024820453990483976e-04,-9.814733669456462452e-05,1.561996709399119862e-04,9.827057846490889256e-04,-1.175007421052764751e-03,1.132902401841289061e-03,-9.175831233729118486e-04,-2.750114237301713119e-04,4.681470240066212644e-04,1.999953285006965463e-04,-4.776214944665591825e-05,4.555998968811764225e-04,1.702433258099094230e-04,-1.216487119778849853e-05,1.264317686027544496e-03,7.319120820530972083e-05,6.527778366972922892e-04,9.087951986121444196e-04,-9.974322495262861088e-05,1.149255483879785267e-03,-1.423475600391163436e-04,1.076071319289157672e-03,-1.458328009354826864e-04,5.145338101218374129e-06,4.006975933141046498e-04,-9.047500933111185528e-05,1.065560549953199418e-03,-9.623736994185828203e-05,-1.050230682422402528e-03,8.539632158130819328e-05,1.502870434464079197e-03,7.233860191674240658e-04,-2.656241324241434519e-05,-1.426858867846054167e-04,-3.703682381986723093e-04,4.565302635343645998e-06,5.579154800550763932e-06,-1.451758228952575690e-07,1.165742728289925800e+01,1.624276018575804108e-03,-1.240678580312285092e-04,9.571377317283921195e-04,5.548338349824425818e-04,-6.681162402097191519e-04,-1.196363075030550333e-04,-2.961208922066364563e-04,-3.438652404245000262e-04,-1.182595395434783486e-03,-1.894297179179884986e-03,-1.562089776910149182e-04,4.262796718914289303e-05,8.524381778019461935e-05,-3.840790529607528148e-04,-1.168354574997625822e-03,1.462334885634705359e-03,4.914588313040223200e-04,-9.381754309268734715e-04,-9.455785583241220482e-04,-4.517941818574927604e-04,1.376783950019701275e-03,1.460912993952472819e-03,-8.315663150904161610e-04,-4.354472437913536886e-04,-9.583876590080574317e-04,1.461023294362285728e-04,2.918087567407661080e-05,-8.611473099768304860e-05,-9.850195575266354909e-04,1.152324694558441774e-04,3.865059797953166441e-04,-1.023145694309861384e-04,7.849719761048700849e-04,9.101587038727195454e-04,-2.149868108855962530e-03,3.021308811263320087e-04,-2.475357709979045251e-05,-2.983935843879740018e-03,5.584997851575380055e-04
6.039623590192834748e-04,-1.235700016640176382e-03,2.964952434605563208e-04,-3.264087301098738542e-04,2.203072702811877635e-03,3.809703560703482997e-03,1.211284087819757514e-03,5.970411641183874345e-03,3.887550253091585917e-04,-6.135051805888511178e-03,-1.157353426346056056e-02,-2.957322885085187508e-03,1.322010974669001263e-02,-2.890211671435392177e-02,-3.567432345604051869e-02,5.192882631238860888e-03,-3.173573768542031076e-03,-5.894384603492836341e-03,3.313235373119619714e-03,6.590685274606789337e-03,6.807371023305346797e-03,-5.724948361203593614e-04,3.218846279496498462e-03,1.353161667594810456e-03,4.065813659865322692e-03,-1.286345086089868243e-03,4.751751271148720035e-04,1.154887737135779427e-02,-3.237472291723268725e-03,9.462046274884565629e-04,-1.969826011951321398e-02,-2.130291083187421664e-02,3.078073059039343473e-03,2.572416023475708469e-03,-1.507997159938306853e-02,4.074198717994817476e-02,9.038511411877725443e-03,-5.492553514413467397e-05,4.018688330713020632e-03,3.412800917075046667e-03,-4.622543342763822324e-04,-3.106461395886616272e-04,-2.277872455193865903e-03,7.333283912087232900e-04,1.624276018575804108e-03,1.168174770295931353e+01,7.089618022781962736e-05,3.565731584664888487e-06,6.589842020510161547e-06,-5.841678009482521861e-04,3.248538457575114984e-03,-6.405298974585822008e-04,2.004462484550040323e-04,1.534328948774743399e-03,1.281655845222191316e-03,-5.015208621332356608e-05,2.340324331605319772e-04,2.786764664617490117e-03,-1.152240461727842974e-02,1.890395788617163508e-02,1.024474967291319569e-03,4.513514522830302644e-04,8.165302791209375077e-05,6.384180840478233601e-04,4.747468397142571780e-04,2.065955606568607369e-03,6.459779727740807415e-03,6.345287210405144498e-03,3.433218178204890114e-04,-1.358048437750809800e-02,-3.252588698555345520e-02,-4.454504544882325972e-04,-2.661380600073236734e-05,1.162916977640027476e-04,5.054650807683930855e-05,-3.592959732708041003e-04,7.650599161763609133e-04,-1.447079444499904319e-04,-1.378437310146628236e-02,-1.091605081612087580e-03,-9.929391548353788677e-04,8.062676640544510186e-04,3.460061510969881376e-03,-2.286955166305228507e-03
5.761570438782143144e-04,-6.027539420900913242e-03,-5.741730451661508985e-03,3.716475442249482786e-01,-2.129984746652183458e-01,1.187137945281595275e-02,3.384079964067519125e-02,2.844788951210203837e-02,-2.389072207027739467e-02,-1.645073233591894113e-02,-1.187983168529550479e-02,-7.914794590840228128e-02,7.768957257979024200e-02,8.804454551276777452e-02,2.081906037303073859e-02,2.633537247393931413e-02,-7.572268100758077283e-03,3.917352238681942947e-03,9.501957696974840800e-03,-9.501612525884835236e-03,-3.743211406618455030e-04,-1.476177867971946878e-03,9.992463697132438621e-03,-1.035628694303939758e-02,2.485192763065888905e-03,1.270509145587919719e-03,2.608919468824938415e-02,1.556324184605280790e-02,-2.576142419071153662e-03,-1.342830296426992913e-02,-2.147620741810960521e-01,-4.590350382235716675e-02,-3.308607628787252342e-02,1.409295694762564832e-02,2.070459442765152508e-02,5.275281739758100330e-02,-9.233523915775168622e-02,4.918095815433305706e-02,-1.231887279792754503e-02,-6.843120031675807438e-04,-3.464610526382313083e-03,3.993073111298901931e-04,-2.493899973014762454e-04,-3.693024642421324950e-03,-1.240678580312285092e-04,7.089618022781962736e-05,1.168178846090627943e+01,-1.710178310887489062e-05,-1.235038939606525332e-05,-1.490249536820984280e-03,-1.439503665216782663e-03,2.367388770295898032e-05,-7.670865700796611515e-04,1.293964954393198464e-03,-6.073172663774431199e-04,-5.014340026460620096e-04,2.439854742049902409e-03,1.597143276679389642e-02,1.465554610053541526e-03,6.680193957803500643e-03,3.167562536345548338e-03,-8.261460017471630030e-05,-1.449337889826699498e-03,-1.159033254772224436e-03,6.716179295820443734e-04,5.988658224497732906e-03,7.263534011251630146e-03,1.538396872003940097e-02,-7.179769287923264132e-04,-1.353544431062446256e-02,2.952137577267222729e-02,3.743036161094989603e-05,-3.982349054576315300e-04,-1.244120649316520725e-03,4.603282849919254865e-04,3.858324475707713128e-04,-2.966795299895857974e-04,3.360556375287843285e-05,-1.226539736238181286e-02,-1.879186010838689025e-03,-2.119602605787518357e-02,-6.031236733250587567e-03,2.529542074219745876e-03,3.146351682495850122e-03
9.449166934332599299e-03,-1.065668366012802182e-05,8.240019725318345652e-04,3.799014059749312132e-03,1.022575742579711310e-02,8.783355649122139355e-03,4.556138816291846125e-03,-2.365049610311649453e-03,-2.769455068810100506e-04,1.273727110367604137e-02,1.365801186565968051e-02,-1.240641852563108966e-02,-9.517746801895578257e-03,4.761989756196760570e-02,-4.337971977707726773e-02,-1.578895051948097164e-03,-3.173055643511649496e-03,-4.369894425559866027e-03,4.534878311703542317e-03,-3.718618775897612576e-03,5.099652539052541627e-04,-3.334400133461282991e-04,-1.234106604584026944e-03,-1.907762944077914715e-03,-1.744362725250251517e-03,7.751422392923477608e-03,-2.451069363550973778e-03,-1.950758628117647137e-02,-1.365730914894138122e-02,2.643907277536842494e-03,-3.983223618775642155e-02,5.448483761378225543e-02,-1.008500156730049446e-02,-3.541582914649177294e-03,-1.129199037125359073e-01,3.819917473313688694e-02,7.115238083411343228e-02,5.106248103009566192e-02,-6.358327466563503533e-03,2.088012781313939963e-03,-1.240448331449077717e-03,1.887477425646367796e-03,8.161815332603590718e-04,1.344729110229354093e-03,9.571377317283921195e-04,3.565731584664888487e-06,-1.710178310887489062e-05,1.168182288357750309e+01,-1.224979382108415393e-05,6.192701406746185452e-04,-4.313034865877030111e-03,-2.327390760500703572e-04,-2.808795226020089145e-04,-1.200333017983194403e-03,-3.957614049641309216e-04,1.603626124066937636e-03,1.220939469903404261e-03,2.578102093303760202e-03,5.241222715271649443e-03,-8.570842307864031534e-04,1.554115884616670508e-03,-5.390801139916814866e-04,-8.453765229835506767e-06,4.699312984286219130e-04,1.309461523359393628e-03,6.492588185627893790e-03,-7.282096935940828367e-03,1.379124412513123288e-03,1.377377346754901644e-03,-1.356780814773153251e-02,2.768542362257780248e-02,-9.227919010991056327e-05,1.166561292906265608e-04,2.746336151426115833e-04,-8.884971890085642532e-04,3.794292626621275375e-04,8.659412858121816022e-04,1.442375711932303772e-04,-1.084439064552312343e-02,1.726518643882651860e-04,-5.310550815770826577e-04,8.550598653583353637e-05,-6.442081673770673478e-04,2.324930096779032063e-03
-1.434793709145343321e-03,7.086665249763021701e-04,-3.289890956200908559e-04,2.792138994514601746e-03,-1.994131752029766266e-03,-4.938809345094608005e-03,-1.159648606243353364e-04,-1.372077325075724344e-03,9.809669963998995240e-03,2.860084816547146021e-03,1.751889462347108045e-03,2.427513505126680654e-02,-6.037525123569172439e-04,2.508614923025207638e-03,-2.136732897031470499e-03,-1.351222604244877671e-03,-1.090702451943668591e-02,8.352181643743270684e-03,-6.108576862124989564e-04,7.687054026947674583e-03,-1.173312774727530532e-03,4.244251785418609590e-04,-2.959945591857496240e-04,-9.616096446818818682e-04,-2.503051555330110950e-05,8.087213464497838844e-05,6.373277240349778383e-04,3.243497454777126247e-03,-1.127807587087173782e-02,-7.021066122483770808e-03,4.446282700290811463e-02,1.917828485882679124e-02,9.132743336641088727e-04,-6.607960545683216891e-03,1.400729583575496817e-03,-8.654048772796463229e-03,5.653922842904272883e-03,-2.607596912706315606e-02,-1.881211339770433658e-02,7.558404985642760456e-04,1.484104820180922723e-03,-2.383101460819855681e-03,-1.985750107073578404e-04,5.194987039184185279e-04,5.548338349824425818e-04,6.589842020510161547e-06,-1.235038939606525332e-05,-1.224979382108415393e-05,1.168217655417312528e+01,-7.097268841058314466e-04,-2.676410305454811345e-03,7.670010479864943463e-05,1.386991187048033057e-03,3.465067684388254896e-04,3.244823612514463607e-04,8.869010239123681014e-03,3.217879794011153580e-04,2.512274666251645104e-03,7.177465687483690696e-03,9.348221435449614175e-03,-2.545424747550628728e-03,-1.057902212147177751e-03,-3.911144694189313750e-04,-3.482609782268743497e-03,-5.081591937932108602e-04,2.636109776108687928e-03,-4.853883004785229313e-03,-1.614431680244700351e-03,-1.169993132578269791e-03,1.223880178497822185e-02,3.668123162234053491e-02,-2.822284036300810005e-04,-6.827470765519460573e-05,1.010496150071993945e-03,-1.214809738067946241e-03,5.073703821390355192e-04,-7.415383917904150258e-04,2.687221414140638287e-04,-1.951385845579634883e-03,3.208005582671945299e-03,3.837155997370490096e-03,-1.076968484940000678e-03,-1.376358491172553419e-03,1.063623589027421976e-03
2.444974005649733217e-04,1.213493546622747884e-04,-1.265758629162387627e-05,6.468520385903263076e-04,-1.458230293558901176e-05,7.493344056061098345e-04,1.924154140594470821e-04,-2.547207039492260057e-05,-7.126193922757358221e-04,3.170596307607125887e-03,2.134210653556776181e-04,-4.534059842746224591e-04,-3.786065663174821398e-03,6.248646865992212029e-04,1.019654976134052107e-04,3.329247258878351504e-04,1.610984579353259795e-04,8.899658257443361295e-04,-1.888819851190231495e-04,-1.685595446215904306e-04,2.833911907479392243e-04,-2.260792986470079092e-04,-1.625226226017913167e-04,2.755121705878141119e-04,-2.647443669293071135e-04,1.707453551990721630e-03,2.395595305623721138e-05,1.640261118069801178e-03,2.553030160423920428e-05,-6.828119088225174244e-05,-1.416810793445650012e-03,-1.629835291031491058e-04,-4.658394054253116594e-04,-2.653703987923410165e-04,2.107080676076524299e-04,3.640893169034162182e-04,-1.335062361077476165e-04,6.035460547300953993e-04,-4.379457530220634554e-04,-4.636269624012912243e-04,-1.634042180226050384e-04,4.714597860028767445e-04,-8.127244937831418908e-04,1.657241323821466276e-04,-6.681162402097191519e-04,-5.841678009482521861e-04,-1.490249536820984280e-03,6.192701406746185452e-04,-7.097268841058314466e-04,1.176892878564507150e+01,-6.193244635431486168e-04,-1.177385497706976087e-03,-2.933002304029053327e-04,-1.523919680036699142e-03,3.949034235821088923e-04,-1.125971308272039756e-04,-3.806961297016173140e-04,-5.858270780833965685e-03,-4.935464152586045011e-04,1.089001467919203416e-03,-9.917626135500796480e-04,-6.516644554485575983e-04,-3.979360587803736820e-04,-1.457703666231848633e-04,-3.144437418383474060e-03,4.254275981045978899e-05,1.445579246285765007e-03,1.507523237063860492e-03,-2.558879748686208964e-03,-8.406365751902067363e-04,-1.087530861322458242e-02,6.040759825954030251e-06,-4.569398466843260136e-04,-4.409395834704784222e-04,-4.570481629028684870e-04,-6.607078397295070276e-04,2.342937744401608728e-04,7.543812085370879203e-04,-1.456605194758649885e-03,-4.979264358980072403e-04,-8.826534734777046962e-04,4.406703765310298736e-04,-9.310612140211950351e-04,-3.074055814358000755e-04
2.916853116707134042e-04,-3.264611339226401905e-03,-1.918839062881277750e-03,-5.513336039617381182e-03,3.194338983540461439e-05,-5.196122945810006770e-03,2.591108888967601307e-04,-3.471145616137826656e-03,-2.654164232614825494e-03,-3.406852688835579866e-03,1.932387004764051820e-03,1.458195705127242694e-04,3.853891669904975807e-04,2.192731099405643286e-03,-1.982661259028524470e-03,-4.236140299929171127e-04,8.433601096766388944e-03,-1.882858820582448620e-02,1.062310712734918644e-02,2.562480775069820096e-02,-1.820674169540066655e-03,-9.214193360915413520e-05,6.120655563180064343e-05,-6.072931436829725983e-04,-3.283895090158324166e-04,-8.315069974104354056e-03,8.040908722237311013e-04,-1.734880486821215127e-03,-2.812385240403475050e-03,-2.133501158315657779e-03,1.443718463689985798e-03,-1.218150343525022106e-03,-2.452048781630068470e-03,-1.810607309783020952e-03,4.636701912319459579e-03,-4.384795480140448592e-03,1.958786961753096120e-03,-5.108775097725707162e-03,5.337524295025839437e-03,1.493733408125772779e-04,7.540408441975250469e-05,1.054852302813415188e-03,-1.440645085430029317e-03,1.426423535200332850e-03,-1.196363075030550333e-04,3.248538457575114984e-03,-1.439503665216782663e-03,-4.313034865877030111e-03,-2.676410305454811345e-03,-6.193244635431486168e-04,1.176892949729534976e+01,-6.037246702581906734e-04,-8.640840859776971732e-04,-1.879193734187406539e-03,-1.609105464840179800e-03,-8.992466186682999962e-03,1.718479367583389261e-03,1.949444234453312497e-02,1.383950109686334995e-03,-9.214243495690652153e-04,1.618804741615117570e-03,7.913229313428743602e-04,6.426658452997810727e-04,-5.919994474027582415e-04,7.375062803077305548e-04,9.776094851136633759e-04,-4.066500964888626266e-04,-4.604626605991101601e-03,-2.321719054378178909e-03,5.367033563750678304e-04,-2.536514919038278248e-02,1.995687372980804015e-04,-1.918424031458650092e-04,3.828211552088706983e-04,6.982550448618620028e-04,9.285958191387157831e-04,-2.695164771210160621e-04,1.383518849517121610e-04,1.067427086822387520e-03,4.571747413635676195e-04,1.863251045380474782e-05,9.606885598413507019e-07,-3.612798447257766811e-04,1.373804252234968760e-03
4.004692606888817538e-05,5.024017856012936295e-04,-8.986779687739979952e-05,-4.841099842039057479e-04,4.206382870403796177e-04,3.299477571060388092e-04,-6.102436515267898806e-04,6.815870043582010745e-04,-2.745181386370770414e-04,-5.950658742471237866e-04,9.844496997304640344e-05,4.571107223210552290e-04,-4.369406474912671196e-04,4.314127722682050553e-04,-6.923497494569917816e-04,-7.495992020261326837e-04,-9.544237298876514369e-05,-3.749384936249178582e-05,2.365144120782284795e-04,-5.921768318520167704e-04,2.762788107354100398e-04,-8.424450746829833647e-04,-3.801901492499379061e-04,1.803373988791866570e-04,1.007531275464460094e-04,-2.341611634958606588e-04,3.725291065553880182e-04,-2.930699483232417882e-04,-4.522742494886594546e-04,-4.872480661928531949e-04,3.370011507135839413e-04,7.180383163718148665e-04,1.365846944874765656e-03,8.614100208370438494e-05,-2.828786982065900624e-04,6.549126513059541632e-04,-4.757185823499043842e-04,-1.223577322659351926e-04,-7.024240004930950351e-04,-3.818251005398796689e-04,3.951128003207910648e-04,-5.611776761886680441e-04,6.877765507590175714e-04,3.057048541955183132e-04,-2.961208922066364563e-04,-6.405298974585822008e-04,2.367388770295898032e-05,-2.327390760500703572e-04,7.670010479864943463e-05,-1.177385497706976087e-03,-6.037246702581906734e-04,1.181922856570231417e+01,-5.961890637380887073e-04,5.397866661127354981e-04,6.044866190582463958e-05,-8.525561896889550552e-04,-3.162981422852388343e-05,-3.016904470904482882e-04,-7.646148095318457951e-04,1.267401615746912256e-03,2.579639719818755165e-04,-1.673307806587358282e-04,1.005562188731972534e-04,6.802376666606835655e-04,1.085196899760386934e-03,-3.618430592559963507e-03,6.796234265639545906e-04,-5.023816780379401249e-04,1.868746829484939191e-03,7.066493837069179676e-04,-1.396847114199844565e-03,-1.151339793265935500e-03,-4.097284348041880337e-04,-2.120512465627228359e-03,7.220958403408123073e-04,5.892797823265525595e-04,1.297141455444007947e-03,-1.444120723852266230e-04,1.612178181776713695e-02,-9.303638074291317381e-03,-1.384817811993982462e-02,-4.471266800205222179e-03,2.910908111410912859e-03,1.670327611503607396e-05
2.318494693573812306e-04,-3.166352847656588140e-04,4.934684965165913499e-04,4.127455607679124177e-04,-2.348574640442664912e-04,2.019422342826246984e-04,-1.115470592922132776e-04,-2.649163177372204007e-04,3.773805664415126951e-04,1.965399752164691261e-04,-7.987295798239691953e-04,-5.497896384234132196e-05,5.118977286557686249e-04,-8.534730577644494658e-04,2.134292971362975605e-04,3.739093857157429427e-04,-6.538288349260507840e-04,4.161328498521817305e-04,8.498970764204272351e-05,-4.514619902800151140e-04,-9.019305935729475272e-04,4.525047117710263985e-04,2.231007569137279860e-04,3.228268830414416334e-05,6.599609433432010973e-05,2.158527063828856083e-04,-1.443540389642522558e-04,-3.059525423330855184e-04,-5.910561690553473718e-04,3.077944959921646720e-04,-3.977814493911352445e-05,-1.428229390117163877e-05,-5.514037525434431486e-04,-7.725976789534350075e-04,8.880115202811039721e-04,7.759329977142029322e-05,8.098687965688300405e-04,6.112422363401537329e-04,4.702226248163562721e-04,2.805791055984337362e-04,1.223110635179560876e-04,-1.353422146855504929e-03,-6.555469041681125748e-04,-6.140509540002239426e-05,-3.438652404245000262e-04,2.004462484550040323e-04,-7.670865700796611515e-04,-2.808795226020089145e-04,1.386991187048033057e-03,-2.933002304029053327e-04,-8.640840859776971732e-04,-5.961890637380887073e-04,1.181922761759659224e+01,-4.308371782885389296e-04,2.451633898440191105e-04,3.146602203982855860e-04,-1.211591752798763574e-04,-2.080579297599203896e-03,7.654014939328674522e-04,2.034917927084858337e-03,-8.455638569362768434e-04,-4.823884866879991906e-04,-9.017036925715097000e-04,-5.535830795791606054e-04,5.866800503002370798e-04,5.316623772209703004e-04,1.209357272327440426e-04,2.083197975222801125e-03,1.860219884275795578e-03,2.477445841933280900e-03,-3.682995470899737387e-04,-3.058172596814431269e-04,3.220579377392232372e-04,-1.283590294460574882e-03,-4.812891479057443802e-05,-1.292494551621016161e-03,2.397617360837846472e-04,-2.469768382302535339e-04,4.307903202157087157e-03,1.359603806478506399e-02,5.221340538877974891e-03,1.711420865334992159e-02,1.060125983786646417e-03,-3.499425239612213336e-03
4.348416622038488773e-05,5.002876677814032020e-05,-7.073006557637264227e-05,-7.235704802983277881e-04,-1.103033983832376035e-03,5.231644271261883753e-04,8.461683161820143068e-06,2.259774786893866023e-03,3.301232952136032750e-05,-1.819374498266399832e-06,-1.103286073949340230e-04,3.295157985056343950e-04,-4.476153894471799656e-05,1.539208346426868337e-03,-4.521971135141829648e-04,3.960741303152791326e-05,-4.042750734401175409e-04,-3.403741061980261259e-04,1.069887225403791603e-03,2.412237418815536306e-04,1.232927680708113122e-03,6.640138978020149966e-04,2.281820208230640084e-04,8.471307402643033901e-04,-2.201401987208746790e-04,-6.679394689813953744e-04,-1.383265063005932778e-04,1.391717431545076364e-03,7.377266197767134211e-04,6.629723414238094257e-04,-3.329920777911561658e-05,-1.528864146133734891e-03,3.497954647017978425e-04,1.433945160353868042e-03,9.844923801102800631e-04,-3.233056976775783298e-06,-1.512432501638155680e-03,-7.930111199971889846e-04,1.149432631326345079e-03,8.141190526430221869e-04,1.459133519887644535e-04,1.363212454230876367e-03,-1.572598947839136310e-03,-1.403289679303710343e-03,-1.182595395434783486e-03,1.534328948774743399e-03,1.293964954393198464e-03,-1.200333017983194403e-03,3.465067684388254896e-04,-1.523919680036699142e-03,-1.879193734187406539e-03,5.397866661127354981e-04,-4.308371782885389296e-04,1.182022768303104421e+01,-3.179006664540862288e-04,6.450903942040165078e-04,2.342576951089925860e-04,-2.927282254762586695e-04,-7.285781614958253011e-04,-9.539695681992696854e-04,-8.793911491396624088e-05,-1.034635913457976689e-04,-4.665064217562390862e-04,-1.273813557340027804e-03,9.940730467320043826e-04,-1.845390340623070252e-03,-5.143009494011450272e-04,-2.356291168472266027e-03,-1.014544575938888197e-03,-2.666883946291669690e-04,1.951789078836110164e-04,-3.422491760514188679e-04,-7.662761291644361794e-04,1.232030665453834675e-03,-8.893830858615512595e-04,2.158656458456979744e-04,-5.719135327422514205e-04,3.498192330353346469e-04,-3.203500058191369876e-03,1.304665790927360403e-02,-4.354201227524638271e-03,-1.974267951078428722e-03,-1.189349497521429572e-02,-6.909713247983797178e-03
1.461483234511048459e-04,-3.700632000703710884e-05,-1.329395145997624831e-04,-5.173423874510409311e-04,8.183010960327084349e-05,-3.082915670391490675e-04,-1.083708653767478751e-04,-8.516803501598873638e-04,-3.033504835898340581e-04,-8.158898086875181893e-04,3.424012812479977543e-05,2.913374497603841203e-04,8.184159165298917661e-04,4.752519210766742355e-04,3.661318703708177445e-04,-8.471021266613372024e-04,-4.941393279483531457e-04,1.352187793123528145e-04,1.188213367616383978e-05,9.267053140066476135e-04,-3.953817339917560611e-05,3.730096641660146043e-04,6.976988925231249195e-04,-3.865530573534813226e-04,8.735644209167526923e-04,8.086140789282072658e-05,7.897345416521208859e-04,4.287256453291381350e-04,5.512836908393690689e-04,-1.163190380800251719e-03,1.109438861032152612e-03,2.980646065045312876e-04,4.332026704361967295e-04,1.660631712413346284e-03,1.058518828246948068e-03,-1.115862384343468960e-03,-1.092031942585225401e-03,6.740209198687480141e-04,-9.549393904572647460e-05,-1.283407220647127372e-05,-4.608806715882687128e-04,-8.481017377104681015e-05,4.376299271671682707e-04,1.242330334415007228e-03,-1.894297179179884986e-03,1.281655845222191316e-03,-6.073172663774431199e-04,-3.957614049641309216e-04,3.244823612514463607e-04,3.949034235821088923e-04,-1.609105464840179800e-03,6.044866190582463958e-05,2.451633898440191105e-04,-3.179006664540862288e-04,1.182022769169540410e+01,-5.910738685346507860e-04,-1.749038041198911538e-03,-6.737455057055112204e-03,4.373928290195478776e-04,-1.799411312665522272e-03,-6.158579928295000727e-05,-6.560776768259943660e-04,-8.491357198531991786e-04,5.384516253353135995e-04,-2.268389534321353651e-04,6.749626644045585849e-04,6.256940109832143278e-04,-4.360380979812201714e-04,2.862438691592394165e-04,-4.672219788480900388e-03,-5.945301037296004450e-04,7.778691543025396471e-04,-3.252367647517393937e-05,6.306415376122215949e-04,-1.116764842708175935e-03,1.467341391274792992e-03,4.235793806295224664e-04,6.529688681769182414e-04,5.517818760006724943e-04,-6.436771675967455607e-03,2.653960672156530434e-03,5.762897037653985297e-03,7.320160247776435689e-03,-1.083924644940338980e-03
-2.481811723174277839e-05,-2.017810806849873895e-06,-2.551047878728267965e-05,1.432879839448125345e-04,-6.256188693121037328e-04,1.054548691746027417e-03,-6.739151393310438554e-05,8.460752456510033971e-06,-2.143101503532823956e-05,1.408706907592457535e-04,7.238908236152938411e-04,1.028897712844276634e-03,7.558100752095172053e-04,2.556964979057821689e-04,4.909940122165912593e-04,4.199286759852850770e-04,-3.515715556994970098e-04,1.275159749494839123e-04,-1.910796557274273852e-04,9.525020174552742414e-04,-1.173775934327114974e-05,-2.663898631405728096e-05,-3.295563242908202718e-04,2.846786225166178042e-04,-2.070521032058917450e-04,-7.131325287728067924e-05,-3.153146413927351713e-04,1.261544317259192952e-03,-1.639723438200898359e-03,1.774030465982730058e-03,2.879939468674472258e-03,2.801157725779103783e-03,-3.637327574202652535e-04,-1.126210602736137795e-02,-2.741227352069324809e-03,-7.525998750315336661e-03,1.211898650788741788e-03,-2.538323124791571489e-03,-7.949187647603852408e-03,5.589846738494303022e-05,-4.794018637582854637e-05,-8.758932869589986479e-04,-2.505989207870390115e-05,2.384337998735793981e-07,-1.562089776910149182e-04,-5.015208621332356608e-05,-5.014340026460620096e-04,1.603626124066937636e-03,8.869010239123681014e-03,-1.125971308272039756e-04,-8.992466186682999962e-03,-8.525561896889550552e-04,3.146602203982855860e-04,6.450903942040165078e-04,-5.910738685346507860e-04,1.189446582315188650e+01,4.043734452367807927e-04,1.199943173905604343e-02,1.070144995328964517e-03,4.512235758735152688e-04,2.142779057329922965e-03,-1.595667100155876480e-04,-1.029767887025481287e-03,2.743251635516727720e-03,2.826925104328187680e-03,-8.188340099436325608e-04,-4.044942521899616561e-03,3.119307020828682511e-03,-1.690409230420467090e-02,-1.370469860673780536e-03,-9.648715673045180768e-03,2.057860520440145087e-05,7.371930536745514850e-05,3.610615914796008573e-05,1.136984747672032748e-04,7.480815722750157283e-05,-8.063494956071984429e-04,6.178260649787184814e-05,-3.384634636858802753e-05,2.021775931854397318e-04,-1.666293475683327911e-04,3.528409515809592667e-03,4.428060018553344780e-04,6.948150905719961863e-04
-1.514420028906945785e-05,6.483773131498449249e-04,6.359063303822132251e-05,2.823765465512643839e-03,3.933816404586530646e-06,6.608057195622042950e-04,-6.443772581097541785e-04,2.796798555496510523e-04,-8.083030783640865035e-05,1.266239168983068970e-04,2.223296857192504842e-04,-3.517824683220796469e-03,1.418624492723991005e-04,2.672584363540914370e-03,5.233052894810011867e-05,3.503628291140446771e-04,-4.973137125274876280e-04,3.615520250687415810e-04,-7.759548943385321911e-04,-3.718154926192832055e-05,3.071739009491298569e-04,-1.040738689458292360e-03,2.535746120471942932e-05,-1.386544789507034969e-04,-1.811207529839416381e-04,-5.274212085998979116e-04,-5.677418331787682446e-04,9.740849799038350017e-04,-1.328502720733488150e-03,5.145243622167380848e-04,1.289609430426101599e-03,3.296942220039501131e-03,1.185777929684137671e-03,-1.077059880063235831e-03,-1.262173376575308377e-03,-1.216037690127572818e-03,-3.510476273750756659e-03,-8.938004654195363941e-04,2.322375574702210954e-03,-1.004161200374257954e-04,-1.217885124377114116e-04,-6.670744755090133801e-05,-7.041779400437396855e-05,8.061817704751124197e-04,4.262796718914289303e-05,2.340324331605319772e-04,2.439854742049902409e-03,1.220939469903404261e-03,3.217879794011153580e-04,-3.806961297016173140e-04,1.718479367583389261e-03,-3.162981422852388343e-05,-1.211591752798763574e-04,2.342576951089925860e-04,-1.749038041198911538e-03,4.043734452367807927e-04,1.190268019690465273e+01,-2.974482026494446041e-06,1.275028689441511575e-03,-6.057142942722136200e-04,3.153873824286246644e-03,-1.028453923336997491e-03,-1.303332195992042402e-03,-5.367213462787704011e-03,7.432901478924707622e-03,1.222537210878237718e-03,-8.940957698311711652e-03,-1.873487600621973059e-02,6.449019576979794083e-03,-4.152438053997635839e-03,-4.558443731842632199e-03,-4.855998256407876554e-05,-3.276056206680677410e-04,2.057233970049521287e-04,-2.348974521645934033e-05,9.583800175539465734e-04,-9.397744023284345023e-05,1.897383729554243885e-05,5.976549679342073752e-04,3.040382355128676359e-04,1.536151925240993987e-03,-1.657660552152519272e-03,6.515236633837928094e-03,8.039176504076296637e-03
1.028298785437937318e-05,9.215871656576443000e-03,-4.561414321494705604e-03,2.167411209906701108e-01,-2.134646003502316605e-02,-4.803532715345104447e-03,7.624122243006167809e-03,5.638535776457776838e-04,6.898790145563288116e-04,6.245081964850031451e-04,-2.617787586231672039e-03,-2.204712359196209226e-02,8.065681233991428556e-03,2.568124703879552384e-01,-2.750211515728518546e-02,8.386261661222096930e-03,-6.968335625372537590e-05,-1.033087130269597087e-02,7.818550694505337420e-03,4.410914596835159573e-03,-5.011980064123244556e-04,3.417822419436819959e-05,-1.851925293848121542e-03,8.033832589408502773e-04,-4.132955100747359679e-04,-1.611905121955878404e-03,-7.542006726539444462e-03,4.436502548641118801e-03,-1.467166382416211848e-02,-1.928412400709530452e-03,-4.655819165395026771e-02,-1.456266037522471746e-02,1.479267007962616065e-02,2.399012704836698401e-02,-2.117611582888735688e-03,8.131585942004516260e-03,-3.652890675557243089e-02,2.656457479766716201e-02,-2.838041110714333709e-02,7.491644962652384016e-04,-3.482461273719171307e-04,-3.107177630926335836e-04,1.859553405550636593e-04,-1.354426907519316143e-03,8.524381778019461935e-05,2.786764664617490117e-03,1.597143276679389642e-02,2.578102093303760202e-03,2.512274666251645104e-03,-5.858270780833965685e-03,1.949444234453312497e-02,-3.016904470904482882e-04,-2.080579297599203896e-03,-2.927282254762586695e-04,-6.737455057055112204e-03,1.199943173905604343e-02,-2.974482026494446041e-06,1.190271119074617978e+01,3.029700637380708730e-04,-8.169611871232263650e-04,-2.602622311044810750e-03,6.244623202519127697e-04,-1.123550620446853686e-03,5.005699178189363177e-03,3.887112515766436363e-03,4.378381345034824262e-04,9.245822068111914441e-03,-1.132924619528974039e-02,-1.675351403132503691e-02,7.648102755297694552e-04,1.398699914272901954e-02,-4.296245811814899289e-05,-6.633995620197589201e-07,8.220335598560320396e-05,-1.129452257031350658e-04,-2.646723818633898431e-04,4.192906790102557965e-05,-8.982567710544206701e-04,-2.537377323596034465e-03,-1.919604538910736884e-03,1.319166054958588550e-03,-1.145456449226310005e-03,7.948289167987222098e-03,-7.339246149621324669e-03
1.153471485939026501e-05,1.401733751351515352e-03,-2.347350777719488420e-03,1.900374987941301063e-03,2.893981816277806964e-04,-1.304109428258807451e-03,-5.042934547981176279e-04,1.060806634920066684e-03,-1.230830982445296371e-03,-2.613197715764662213e-04,9.681027420784145410e-05,1.000939318942371814e-03,-3.419639244352512542e-04,-3.380183876133431575e-04,-8.211527546761153429e-04,-9.606147669298376046e-04,-2.861492342266801258e-04,-1.031556038499376743e-03,-1.304855980573255136e-03,1.305577888859429242e-03,2.066933685316419897e-03,6.652512777062698224e-05,6.209933182644539846e-04,7.354003613747111742e-04,-1.402260655967075588e-04,8.580128905488731538e-04,-1.250693332712046486e-03,-1.074886381127668211e-04,-3.528511126041355972e-05,5.299613111966056112e-04,-1.084891535413461117e-03,-1.220488236444654262e-03,1.866126297085572792e-04,-8.286984662778662525e-04,4.469527308517823316e-04,-8.325139187240621075e-04,-9.672068252155195840e-04,-1.503570170371490433e-03,6.517221950796178026e-05,-7.965012831502166213e-04,1.331579669040312136e-03,1.694501478099151581e-04,-7.720702088364539070e-04,3.211887941433101690e-04,-3.840790529607528148e-04,-1.152240461727842974e-02,1.465554610053541526e-03,5.241222715271649443e-03,7.177465687483690696e-03,-4.935464152586045011e-04,1.383950109686334995e-03,-7.646148095318457951e-04,7.654014939328674522e-04,-7.285781614958253011e-04,4.373928290195478776e-04,1.070144995328964517e-03,1.275028689441511575e-03,3.029700637380708730e-04,1.194894454274370688e+01,-3.010990231144426363e-04,7.200763665150544668e-04,-7.591546809462279555e-04,-4.681335593026414443e-04,-1.317725417677273470e-03,-1.306829552281521534e-03,-5.279783774288171472e-03,-1.051433563627579559e-03,2.107884480305910468e-03,3.633024355642056058e-04,-6.788862141559365466e-04,3.093934777519520563e-03,-8.941568279142546316e-04,-5.086510095238345672e-04,9.978478285653305524e-04,5.573157711392939806e-04,-7.356205824744811717e-04,-1.018398066244839695e-03,-1.158958012092377310e-03,4.313589910675931505e-02,-1.378604226129981347e-03,-3.761194789007937800e-03,-3.258591625540604997e-02,2.125000043833494279e-03,3.617814057423589247e-02
1.331399660447783522e-04,-9.711960994518353471e-04,-1.066508111584905244e-03,-6.664284000159723283e-04,-2.160912583376962482e-04,-7.786334251164938030e-04,-5.202610011909220879e-05,-3.981674936151847490e-04,1.446560214740424608e-03,-3.149049894328936547e-04,-6.269008843896332547e-04,-5.364325590121424465e-04,8.829407526396628597e-04,4.964973546192128330e-04,1.086040927456532936e-03,-1.064468184431392739e-04,5.884367854589699076e-04,1.404163724315485350e-03,-6.852843867112117524e-04,-4.379173768726679628e-05,8.798319361138975253e-05,-3.792872612656331133e-04,-6.545795491172340733e-04,-1.281892976961646101e-04,1.210573579388045948e-03,-3.226335473305258581e-04,9.662530174752072959e-04,-1.058501689289878533e-03,1.610072633985860924e-03,7.435916766346147011e-04,1.015894819661841697e-03,-2.072646791238870467e-03,1.606848943834723181e-03,2.830205369256169612e-04,-4.616314804790633275e-04,1.492023052106522529e-03,2.029050468553903266e-03,9.786287741614940749e-04,-9.246459227446098689e-04,-1.175516600483282603e-03,-1.766214127671084100e-03,2.120215886986690640e-03,-6.538509874205664096e-04,-1.066736992731295592e-03,-1.168354574997625822e-03,1.890395788617163508e-02,6.680193957803500643e-03,-8.570842307864031534e-04,9.348221435449614175e-03,1.089001467919203416e-03,-9.214243495690652153e-04,1.267401615746912256e-03,2.034917927084858337e-03,-9.539695681992696854e-04,-1.799411312665522272e-03,4.512235758735152688e-04,-6.057142942722136200e-04,-8.169611871232263650e-04,-3.010990231144426363e-04,1.194894392628015289e+01,-4.281537790014056100e-04,-2.049609298188648232e-03,-4.446681293637233523e-04,6.064138687218219997e-04,-1.490996982087822165e-03,1.453350896677252369e-03,-4.854187335366633160e-04,1.189540130964505948e-03,-3.008594371947115320e-04,-1.632627305929865418e-03,-3.213312386909806129e-04,2.539693945217251785e-04,-5.145769747866946013e-04,5.185254051794443986e-04,-3.354769378897011489e-04,1.278624388513012466e-03,4.286342177450492077e-04,6.674343602587999580e-04,1.507551678241514023e-02,-2.667101356347140878e-03,2.394071981984431663e-02,3.296581093575100263e-02,-2.876097295815982502e-02,-9.392978130187606967e-03
-6.129168868270998445e-04,5.550855942238266949e-04,7.955870429221505863e-04,-3.502336526654565435e-05,5.077030701826920969e-05,-2.140448863372728869e-03,-6.651415344207080521e-04,-1.342350854266216760e-03,3.137545570991438532e-04,-1.627217161536482787e-03,-1.015003924572576918e-03,1.118664278613144825e-04,-1.300929905916077545e-03,-1.964091061322720342e-04,-3.474274762514622367e-04,-1.925855093047844357e-04,-2.385129822259218768e-04,1.868359351509533278e-03,-4.836888915470257885e-04,-3.316358075017393492e-04,-1.549743190569224808e-04,8.029953893455431431e-04,-1.285786649934039447e-04,-1.041482917660126965e-03,1.819268560998782772e-03,-4.557873745443453322e-04,8.166732521358762700e-04,4.378408409797356071e-04,4.412072531815615373e-04,-7.714119027585134014e-04,1.058063308564284946e-03,3.032610619760799792e-03,-1.003645559391045912e-03,-2.071454888744952982e-04,2.098193690400290690e-03,4.258446368882895516e-03,1.645759301859880952e-03,3.741602703902699271e-03,2.099466101230318751e-03,2.766640672916931520e-05,-1.127740150599254761e-04,6.682747338628350353e-04,1.228184217269716327e-03,1.555796772191392341e-03,1.462334885634705359e-03,1.024474967291319569e-03,3.167562536345548338e-03,1.554115884616670508e-03,-2.545424747550628728e-03,-9.917626135500796480e-04,1.618804741615117570e-03,2.579639719818755165e-04,-8.455638569362768434e-04,-8.793911491396624088e-05,-6.158579928295000727e-05,2.142779057329922965e-03,3.153873824286246644e-03,-2.602622311044810750e-03,7.200763665150544668e-04,-4.281537790014056100e-04,1.194983904287379595e+01,-3.909019701905935840e-05,-2.197699322973659108e-04,1.422917364053422062e-04,7.265768933844007904e-04,-2.608647377075321017e-03,-8.487561289470813009e-04,-9.326634590423044102e-04,-3.898515644229494370e-03,2.459695670282515713e-04,-7.400186249676039829e-05,-1.110323878236287379e-04,8.521272003759101411e-04,1.501517708242206591e-03,-1.685050304159672061e-03,3.913133637680234200e-04,-1.808920822086390601e-03,-8.960303545582984364e-04,-1.761192387266376225e-02,6.734183492922499181e-04,2.736016207572729286e-02,2.496401558508231852e-02,1.765981231730828771e-03,6.265486486617594108e-03
-9.907812812699734982e-05,2.194957114409845297e-03,3.529062786076776065e-03,3.845877677019562957e-04,3.091807770951911921e-04,-1.579306933374366451e-04,1.152434212593418704e-04,-1.006186275978440247e-03,-7.819040220949062406e-04,1.219098569140620079e-04,3.388492237202492567e-04,1.283382521210807165e-03,-3.365872154659117765e-03,-1.912037865673928486e-04,8.126612408742293122e-04,-8.415248538816769153e-05,-3.647604909051530052e-04,-6.498928054937194720e-04,-9.610498024529966904e-04,-9.098684526960571645e-04,-2.464355261866273128e-03,1.158676834514667416e-03,3.099192126190270652e-04,-1.299148171051658918e-03,6.104125284194079036e-04,-8.669208657805937837e-04,2.232472173464903459e-04,-4.942380198148105253e-04,7.909619185902452831e-04,2.715078554481495333e-04,8.119795789816063643e-04,9.184822565433256245e-04,-2.023596535339462765e-03,3.899503352277067236e-04,1.153811610931942434e-03,8.083957565919175359e-04,2.915046246534805721e-04,8.041138424906024186e-04,-3.549801009872812201e-04,-1.104932173802780637e-03,5.026909772838511481e-04,-7.215441995787605974e-04,9.445721878841683693e-04,1.471768532530979418e-03,4.914588313040223200e-04,4.513514522830302644e-04,-8.261460017471630030e-05,-5.390801139916814866e-04,-1.057902212147177751e-03,-6.516644554485575983e-04,7.913229313428743602e-04,-1.673307806587358282e-04,-4.823884866879991906e-04,-1.034635913457976689e-04,-6.560776768259943660e-04,-1.595667100155876480e-04,-1.028453923336997491e-03,6.244623202519127697e-04,-7.591546809462279555e-04,-2.049609298188648232e-03,-3.909019701905935840e-05,1.195692361474465848e+01,9.906687126301312249e-04,-2.112628934526905589e-04,2.215537470595663194e-04,-6.864484520619773544e-04,-4.973952523359415068e-04,-2.345365001010790706e-05,5.603061694101525714e-04,6.619136324016151006e-04,-5.389023911987382912e-03,3.461928762290786016e-04,1.988833371733420485e-04,7.049013708841658787e-03,2.259832452126100261e-03,-2.372074374715829603e-04,-1.295799093593184891e-03,-2.783407055899946025e-04,1.084538391037970229e-02,9.898008840457661606e-04,7.810745097556696243e-03,1.588449298870103776e-02,-1.300770097047694238e-03,-5.750515359698796236e-04
5.067197239507489833e-05,3.703218827153050789e-03,-2.087732335210871343e-03,-3.556295927534258716e-05,8.461853238065589894e-04,2.828135572229013156e-04,9.873208645751640111e-05,4.354030405158349415e-04,4.876874439804270702e-04,3.525140664581573975e-05,-3.181213383778092648e-04,2.977090109928477724e-03,-8.647668562933494806e-04,1.027912440706315374e-03,2.940433675357621499e-05,4.731387807650378093e-04,-1.094174639934474176e-03,-3.190325430654143788e-04,3.902950343396861810e-04,-5.208381163932201789e-04,2.718136347617134199e-03,2.424135690718344505e-03,9.502165887787484503e-04,2.070123166562140050e-03,-1.955943974448735054e-04,7.331512490521091508e-06,-1.294655295145729170e-04,-2.479657666138626593e-03,-1.738210625927549824e-03,5.532715765649652952e-04,-5.366657420059596853e-04,-6.153640048265364947e-04,-1.781800829109836393e-04,-1.639898735204814439e-04,4.649760799223974506e-04,9.105224748821166836e-05,-5.602770135908151893e-04,-6.436887539079212336e-04,1.204058800647931238e-03,1.219169042683418414e-03,3.575749093324420702e-04,1.574971924615743875e-05,1.521616872365499657e-03,1.543418780360662768e-04,-9.381754309268734715e-04,8.165302791209375077e-05,-1.449337889826699498e-03,-8.453765229835506767e-06,-3.911144694189313750e-04,-3.979360587803736820e-04,6.426658452997810727e-04,1.005562188731972534e-04,-9.017036925715097000e-04,-4.665064217562390862e-04,-8.491357198531991786e-04,-1.029767887025481287e-03,-1.303332195992042402e-03,-1.123550620446853686e-03,-4.681335593026414443e-04,-4.446681293637233523e-04,-2.197699322973659108e-04,9.906687126301312249e-04,1.195692222929100268e+01,-4.720413345604690392e-04,-7.518078888538708843e-04,9.605439421939698796e-04,-5.956409705074605654e-04,1.171883922594652017e-03,-5.195263212105297179e-04,2.386230557350672160e-03,-1.309529688374452307e-03,2.434515969008655377e-04,3.262729659277379779e-04,2.050396049198068699e-03,-7.305259003252136119e-03,9.618032581096176703e-04,-8.824510600386019366e-04,1.016287510260515531e-03,-1.296490080051840299e-02,-2.177844984051796606e-03,9.261311261620608359e-03,7.524197220181716439e-04,1.463032574228716187e-04,-9.165837468943782707e-04
4.421466238955703296e-04,6.197144872293501236e-04,-4.882582499025713875e-04,-1.844393738937051140e-04,-5.891344293306775099e-04,1.072994279498003158e-03,-1.385707200597446984e-03,1.747888231013141301e-03,2.371434421991513628e-04,-4.820332659899347061e-04,-1.072831907166791124e-04,-1.460075795725246026e-04,-1.973118956070472191e-04,4.341429856240346368e-04,9.613104455588187321e-04,1.076130865097048479e-03,1.486426592833230750e-03,-2.486394315424568686e-04,1.560311297468138436e-03,-2.338828928796717098e-05,1.193324698627914147e-03,1.014592908621375113e-03,-1.014419022316250538e-03,-2.323408031328685203e-04,-1.109198197366899341e-03,1.216998869141454288e-03,5.831819552676916624e-04,9.331365611458903794e-04,1.601639871498816226e-03,2.211397933542351424e-03,-7.235849316369474815e-04,1.134886846494154167e-04,6.592071831679480187e-04,-1.022550413015689899e-03,4.357308200098747308e-05,-4.819285564657480037e-04,1.938362037819968409e-03,-1.427369599346913626e-03,4.758088403054524813e-05,2.561672033579084906e-04,3.178106860510059029e-04,9.491379202729195719e-04,7.225960275175080660e-04,-3.031523350417661411e-04,-9.455785583241220482e-04,6.384180840478233601e-04,-1.159033254772224436e-03,4.699312984286219130e-04,-3.482609782268743497e-03,-1.457703666231848633e-04,-5.919994474027582415e-04,6.802376666606835655e-04,-5.535830795791606054e-04,-1.273813557340027804e-03,5.384516253353135995e-04,2.743251635516727720e-03,-5.367213462787704011e-03,5.005699178189363177e-03,-1.317725417677273470e-03,6.064138687218219997e-04,1.422917364053422062e-04,-2.112628934526905589e-04,-4.720413345604690392e-04,1.195811502624590439e+01,1.827403048350606518e-04,2.392828486730280702e-05,-1.984825866550021800e-04,4.239706979975131629e-04,5.323069100817701127e-04,-1.653637499956827576e-03,-2.168587121149093827e-03,-2.666351970680167285e-04,2.537354257235455504e-04,3.492271508179177475e-04,7.170106405084645390e-04,1.733488283105499156e-03,-1.820191870679638280e-04,1.046962656417120552e-03,4.132687282381752869e-03,-5.156571902970169541e-03,4.952134459623142027e-03,-5.685079468752629595e-03,-8.553239455857536422e-04,-2.503025907091865898e-03
2.811686802628340616e-04,-1.307994745461462348e-03,7.005136448414140370e-04,4.832736173887205436e-04,6.083550834551584591e-04,4.751835787244725398e-04,1.209398359023516791e-04,5.937688731788009090e-04,-4.111960166221072395e-04,-9.028440560137386550e-04,4.502664575577498829e-04,3.600656430481803671e-04,-2.822804800324922592e-04,-6.894446111783568334e-05,5.311530884273831746e-04,-1.080875175902260878e-04,-1.128236184746011367e-03,8.826485343137180362e-06,2.867426296272164530e-04,-1.187584343353509896e-03,-5.868373095278432358e-04,-7.361534367894698519e-04,4.525805633488859392e-04,-2.192117133040323487e-04,3.142640658258559136e-04,-2.307703083224183112e-03,-4.962075504763661243e-04,-6.444067755014648395e-04,-6.163198397972260555e-04,-1.486802132387166075e-04,7.108476995811227606e-04,-6.876787967737413299e-04,5.634919090488112181e-04,3.579717728424969270e-04,-2.794983966898575978e-04,-3.012116668765982275e-04,-9.415554258893343853e-04,-4.397996641899437620e-04,9.140599320145432853e-04,9.611203529952851154e-04,4.000647653183489472e-04,-3.231683571960353163e-04,1.428596127247168390e-04,-4.420458202143567883e-04,-4.517941818574927604e-04,4.747468397142571780e-04,6.716179295820443734e-04,1.309461523359393628e-03,-5.081591937932108602e-04,-3.144437418383474060e-03,7.375062803077305548e-04,1.085196899760386934e-03,5.866800503002370798e-04,9.940730467320043826e-04,-2.268389534321353651e-04,2.826925104328187680e-03,7.432901478924707622e-03,3.887112515766436363e-03,-1.306829552281521534e-03,-1.490996982087822165e-03,7.265768933844007904e-04,2.215537470595663194e-04,-7.518078888538708843e-04,1.827403048350606518e-04,1.195812681707232628e+01,-6.048148418685839189e-04,6.794948393085559202e-04,2.438136987003569622e-04,3.303225799555775666e-06,1.181180331464912799e-03,-3.302028318831961521e-04,-4.628588318348363833e-04,7.114079873695887055e-04,-1.210622583411877576e-03,-6.546613641666663985e-04,-1.584683935418124828e-03,-1.244537509136379311e-03,1.296546225953980336e-03,-3.204603978415945797e-03,2.286542225371723802e-03,-1.241443740677475316e-02,8.435746876237692690e-04,1.954442474327550139e-03,3.031029757559533522e-03
-1.611433549987858051e-04,-9.687064997778403741e-06,-1.437110834873953948e-03,2.055893829075333169e-04,3.832699291585325505e-04,4.756848202627302243e-04,2.637230042860150200e-05,7.814838123212853498e-04,2.780712875396248833e-04,-8.403898416190231507e-03,1.620777404107339066e-03,-4.984385916699789892e-05,-6.096914131327249575e-04,6.816909460555813007e-04,-1.139647841218905007e-03,2.820107167327732048e-03,-1.268950946132038193e-03,4.314579735396344325e-03,1.836623798501584850e-03,-1.018742990585171180e-03,7.920148594674843341e-05,-1.026254230196933445e-03,6.240091201455220254e-05,-1.092394473550767180e-03,1.062754816614136294e-03,8.394886058169117151e-05,1.253254866985299611e-03,-3.005536815727370692e-03,-3.208076055355862932e-04,-1.453864268603916260e-03,-1.298979169147174151e-03,1.260833468017363845e-03,-2.361859590931840794e-03,-1.093927591635927496e-03,-4.593209692596647575e-04,-1.419474161993616868e-03,-1.055911859481180326e-03,-7.655177214857533663e-04,-1.220310431205955657e-04,-9.142521582797334505e-04,-1.747468549882988387e-04,-1.564838731247289103e-03,1.723618423744861794e-02,7.825131793023840099e-04,1.376783950019701275e-03,2.065955606568607369e-03,5.988658224497732906e-03,6.492588185627893790e-03,2.636109776108687928e-03,4.254275981045978899e-05,9.776094851136633759e-04,-3.618430592559963507e-03,5.316623772209703004e-04,-1.845390340623070252e-03,6.749626644045585849e-04,-8.188340099436325608e-04,1.222537210878237718e-03,4.378381345034824262e-04,-5.279783774288171472e-03,1.453350896677252369e-03,-2.608647377075321017e-03,-6.864484520619773544e-04,9.605439421939698796e-04,2.392828486730280702e-05,-6.048148418685839189e-04,1.195844117964779230e+01,7.378760408016660222e-06,-6.635986765362034134e-04,2.430573352932285935e-06,2.446815561024765786e-04,-5.169568863682887615e-03,2.032512871957730728e-04,-1.449277509252993625e-04,5.667203909929632074e-04,7.718448111392311323e-05,-6.634853882509852974e-04,-5.481694702774296719e-04,-8.415688882651498059e-04,-1.276374637274235724e-02,-8.500141496807368802e-03,3.026278666826129338e-03,-2.441277176569013260e-03,-5.271864934947578796e-04,-2.901260094270011192e-03
7.913845004417003519e-05,1.063959306183643282e-03,-5.070781601360157750e-04,-8.139260897201554311e-04,1.777545927022041762e-03,-1.025332420563374600e-04,-2.500860217766817531e-04,2.826721128321929392e-03,-2.759439533058187901e-04,-2.369273333112098534e-04,-5.376474007560115304e-04,9.250173860010577065e-04,1.415720598755419030e-03,-1.489291392967710681e-04,-1.107349500574152535e-03,-1.595962711418450440e-03,-1.984159871947343418e-03,-3.072672684479669375e-03,-1.145693638660641445e-03,-9.984112830086749185e-04,-8.261224028237659778e-06,-5.544366044489463553e-04,-1.593027515530537862e-04,1.885760656517264378e-04,-3.468806758348399544e-04,6.536460499117730883e-04,-1.317768100639367911e-03,-1.450541993509191219e-03,9.037040739648029980e-04,-9.163690208079319777e-04,7.330982026557512909e-04,4.879233517006420495e-04,-1.762048716225851630e-03,9.197150065228462679e-04,-1.056796005535459715e-03,-2.236888525916552739e-03,2.275314659797793293e-03,1.431351680351241468e-03,-3.262172559976293882e-03,-9.194533269103327688e-04,1.439279946957135875e-03,-1.004734768755625313e-03,-3.350861807495941758e-04,4.466402966156191034e-04,1.460912993952472819e-03,6.459779727740807415e-03,7.263534011251630146e-03,-7.282096935940828367e-03,-4.853883004785229313e-03,1.445579246285765007e-03,-4.066500964888626266e-04,6.796234265639545906e-04,1.209357272327440426e-04,-5.143009494011450272e-04,6.256940109832143278e-04,-4.044942521899616561e-03,-8.940957698311711652e-03,9.245822068111914441e-03,-1.051433563627579559e-03,-4.854187335366633160e-04,-8.487561289470813009e-04,-4.973952523359415068e-04,-5.956409705074605654e-04,-1.984825866550021800e-04,6.794948393085559202e-04,7.378760408016660222e-06,1.196040161287158554e+01,-1.189213672779521058e-06,-8.328507314555588792e-04,-2.772114195398146016e-03,-4.295111374207299590e-03,-3.301477335997957466e-04,6.255391723315479463e-05,1.162786448095348008e-03,1.391432671924451581e-03,1.690884919893442806e-03,-5.887881210077140770e-04,7.698517839261689866e-04,-9.036383038838718962e-03,-6.497258898292557205e-04,-2.890255446009404316e-03,-1.279943242944198839e-02,5.531667001681166151e-03,2.870081583067482511e-02
8.313639212667009492e-05,-3.745482167703045526e-04,-1.265031733123264147e-03,1.636834675141200096e-03,3.359007373550408279e-04,-6.805801262761512847e-04,3.572515612459557961e-05,-3.089391891419161502e-04,8.224165184899913600e-05,-7.574053719334311596e-06,1.397260791935889257e-04,1.820965925386011652e-04,-1.565610945777944074e-03,-1.998966590909274661e-03,8.093364290372487800e-05,1.632648164913468730e-03,1.694885182303165760e-03,-7.093941843238321492e-04,-1.386727484038868807e-03,-3.726014986176889865e-04,7.311215747030728324e-04,2.205751831126875374e-03,3.637033778976020426e-04,-3.727525222483969378e-04,-1.017003926051613695e-03,-8.177007128881460651e-04,2.341241242851915642e-04,-3.669542062671431876e-04,-2.406956656439140918e-03,1.205442814488789927e-03,3.828197349447766060e-03,-1.360613437707033913e-03,-5.626535982268358882e-04,1.408601858294972198e-03,5.561279814288444534e-04,-3.138473968290492189e-03,-2.272927410196249470e-03,1.608887099726841186e-03,2.487133908337226928e-03,-2.393218352129619642e-04,2.338253809708354392e-03,-1.189112957047447350e-04,-2.570026872332834000e-04,2.624669221482980874e-04,-8.315663150904161610e-04,6.345287210405144498e-03,1.538396872003940097e-02,1.379124412513123288e-03,-1.614431680244700351e-03,1.507523237063860492e-03,-4.604626605991101601e-03,-5.023816780379401249e-04,2.083197975222801125e-03,-2.356291168472266027e-03,-4.360380979812201714e-04,3.119307020828682511e-03,-1.873487600621973059e-02,-1.132924619528974039e-02,2.107884480305910468e-03,1.189540130964505948e-03,-9.326634590423044102e-04,-2.345365001010790706e-05,1.171883922594652017e-03,4.239706979975131629e-04,2.438136987003569622e-04,-6.635986765362034134e-04,-1.189213672779521058e-06,1.196039290143698253e+01,8.909276584612157990e-04,-2.204426245142366257e-03,1.288101177724652099e-03,-2.321481332229828577e-04,1.754612975566438408e-04,-1.079594466051110591e-03,-3.169268742686456863e-04,2.667015157365136557e-03,-1.388018411144486056e-03,-1.617366205678580360e-03,-3.210175705085333009e-03,-1.241737309927326560e-03,-2.817751978707318250e-02,-2.731120864976635532e-02,2.113949505297824105e-02,9.088659945963674380e-03
2.617727654766873130e-04,1.038880235752432171e-03,6.029270828739740230e-04,-1.739437135824697120e-03,7.625951700514966734e-04,1.146305151397047049e-03,-8.441952599375530941e-04,-1.708403737506181391e-03,-9.340524582936305786e-04,-1.776946627538942419e-03,-1.104087451662641439e-03,7.152043898471377448e-04,-4.588821976234409156e-04,-7.986227588656526341e-05,2.459744951833418001e-04,-8.949154936440471136e-04,1.586781417082759604e-04,5.379538815160171683e-05,5.119992150626707580e-04,7.114961929047362854e-04,-2.407976501193128001e-04,2.960231219085976591e-04,-2.486306480034873589e-04,-6.381293636816576806e-04,7.664188127068233269e-04,-1.857494432121358126e-03,-1.436666008394273412e-03,-7.579819764129500786e-04,-1.332473066560806163e-03,2.700895247812057365e-04,1.878004043886443916e-03,1.268497189039822799e-03,4.865875772500456373e-04,1.036758336023083094e-03,5.990972093949248345e-05,2.887610022555026079e-03,-3.827143090946354478e-04,2.134081949897731131e-03,-5.856479942077556095e-03,8.127795448263833546e-04,-1.494549333659919536e-04,3.826320278887962445e-05,1.344900093899783350e-03,9.283789614088211462e-05,-4.354472437913536886e-04,3.433218178204890114e-04,-7.179769287923264132e-04,1.377377346754901644e-03,-1.169993132578269791e-03,-2.558879748686208964e-03,-2.321719054378178909e-03,1.868746829484939191e-03,1.860219884275795578e-03,-1.014544575938888197e-03,2.862438691592394165e-04,-1.690409230420467090e-02,6.449019576979794083e-03,-1.675351403132503691e-02,3.633024355642056058e-04,-3.008594371947115320e-04,-3.898515644229494370e-03,5.603061694101525714e-04,-5.195263212105297179e-04,5.323069100817701127e-04,3.303225799555775666e-06,2.430573352932285935e-06,-8.328507314555588792e-04,8.909276584612157990e-04,1.196087315710724042e+01,-8.111974125279233262e-04,-2.732388855008042322e-03,-2.992338727915248029e-04,3.407222268381896249e-04,2.031447625642090679e-03,-1.028751061417353249e-03,4.316827320371037502e-04,2.281927752255580311e-03,8.147339220734746423e-04,8.020051917515586340e-03,1.234355715710323820e-03,1.265399435479670764e-02,2.253431304847405142e-02,9.660782442446336216e-04,5.043411860139457303e-03
2.476384629591994735e-03,4.464747555122640377e-03,-1.516119947500429478e-03,2.719117442542504440e-03,-1.761354384811448463e-03,2.812334772093486469e-03,-1.338616483401553967e-02,-4.649723121650097685e-03,-3.033170673773012607e-03,4.170274159256662401e-04,1.345014014583134025e-03,2.555690684445092835e-03,6.104271362329380564e-03,1.315211052988318752e-03,-7.523276937875117160e-04,1.680136728879148486e-02,7.158433715218404970e-04,8.220011724700136864e-04,6.850629110027564757e-04,1.862728686861637659e-02,3.078889105953473660e-04,-7.020616858276931653e-04,-3.229625209880837176e-04,4.201197184843524649e-04,-5.122890705892157613e-04,4.156546243646880995e-04,-5.679866050748070237e-04,8.295597169125593778e-04,-3.402371408862125534e-03,2.502310776912802098e-03,-4.002685101400751261e-03,-4.981125469245826533e-04,-2.902869776125377270e-03,3.955847896814475295e-03,-4.082370502647517455e-03,-5.743297860524381425e-03,-1.612104360978052625e-03,2.680248564037722436e-03,5.142288898568743438e-02,5.063470711629900877e-04,5.192577131221971093e-04,2.048319055745559262e-04,-3.528977684858886055e-04,2.114221455190061754e-03,-9.583876590080574317e-04,-1.358048437750809800e-02,-1.353544431062446256e-02,-1.356780814773153251e-02,1.223880178497822185e-02,-8.406365751902067363e-04,5.367033563750678304e-04,7.066493837069179676e-04,2.477445841933280900e-03,-2.666883946291669690e-04,-4.672219788480900388e-03,-1.370469860673780536e-03,-4.152438053997635839e-03,7.648102755297694552e-04,-6.788862141559365466e-04,-1.632627305929865418e-03,2.459695670282515713e-04,6.619136324016151006e-04,2.386230557350672160e-03,-1.653637499956827576e-03,1.181180331464912799e-03,2.446815561024765786e-04,-2.772114195398146016e-03,-2.204426245142366257e-03,-8.111974125279233262e-04,1.197978809565361935e+01,-2.980530888018959046e-06,-6.850010528682045751e-04,5.619445166764661364e-04,-3.488372734992928282e-04,-6.686071068187021216e-05,5.979644624810575562e-04,-6.509534863418770488e-04,3.201944929748121670e-04,3.741626490328152713e-04,1.019303251909055730e-03,-6.983841194547344561e-03,-2.516665521552643482e-03,-6.829286082248443683e-03,-3.190651403201570299e-03
-1.703264069750794999e-04,1.966352250663219118e-03,9.630601369112923305e-03,3.269654407146747183e-03,1.415721705599158522e-03,-2.582497996254453070e-03,-3.364498500830898509e-03,-1.290423931084129505e-02,-1.080922047583185441e-02,9.715957909656202686e-04,3.278351593989935783e-04,-2.982722071359194529e-04,-4.657176787434783461e-04,3.074687224259457026e-04,-1.634837762737128327e-03,2.249128500798950464e-03,-6.529170911240387773e-03,-5.052392345542803739e-03,-2.602007396625929947e-03,1.586787401970882888e-04,-2.035462664587414975e-04,-2.998627203028208848e-04,-4.680905555992684281e-05,-9.899335978880556032e-04,1.609922639151308444e-04,1.867487245978769195e-01,-1.549425580526391233e-01,-5.163162081977293663e-03,1.421165025610153336e-02,1.747043154098007478e-02,1.822920783668650815e-03,-2.537379389723268611e-03,-1.505363919762791117e-03,-6.581049763262199377e-03,-1.847620667657159932e-05,-3.705804004721422081e-03,-4.285099715579995111e-04,7.079194661322851106e-04,2.594736995632704324e-02,-4.512693952163161271e-04,5.080074618312770953e-04,1.977237223864210442e-04,-5.743935459436241581e-04,1.218967650230310350e-04,1.461023294362285728e-04,-3.252588698555345520e-02,2.952137577267222729e-02,2.768542362257780248e-02,3.668123162234053491e-02,-1.087530861322458242e-02,-2.536514919038278248e-02,-1.396847114199844565e-03,-3.682995470899737387e-04,1.951789078836110164e-04,-5.945301037296004450e-04,-9.648715673045180768e-03,-4.558443731842632199e-03,1.398699914272901954e-02,3.093934777519520563e-03,-3.213312386909806129e-04,-7.400186249676039829e-05,-5.389023911987382912e-03,-1.309529688374452307e-03,-2.168587121149093827e-03,-3.302028318831961521e-04,-5.169568863682887615e-03,-4.295111374207299590e-03,1.288101177724652099e-03,-2.732388855008042322e-03,-2.980530888018959046e-06,1.197981473640221495e+01,-4.478485008958193818e-04,-3.479200001615063769e-04,9.947833244537205698e-04,7.260592361649138328e-04,6.198232585521486898e-04,-7.013592663116756517e-04,-5.545328962804110503e-04,-4.789525595582182736e-03,5.456986616026825512e-03,-1.598408535961607507e-02,2.925435148850566089e-03,-1.682288223133588528e-03,2.234221014941134911e-04
2.035294110692208267e-04,8.535403623995019176e-05,5.549592211914054258e-05,5.294128167810410691e-06,1.642519070716730051e-04,-5.189249117720548640e-05,-1.086912730523166310e-04,-2.125406365197824604e-04,6.026959544924769072e-04,-1.324153715773932318e-03,-3.471433018829935717e-05,-2.126877905317989899e-04,-2.757391839973586875e-04,-2.901887058957878206e-04,5.012221358066615908e-05,-2.249355167850884099e-04,-8.990540440275370838e-04,5.732108359050402772e-04,1.607038645354951639e-04,3.141521190219786846e-04,1.295872156593887593e-03,2.711681215365422943e-04,-9.604357837481527376e-05,-7.568321610600195221e-04,-1.446265099778204312e-05,1.757352458582240218e-05,-1.117653553029602554e-04,-5.366886572701200665e-04,-1.678836721866324648e-04,4.014412155964157685e-04,3.853398700699348870e-05,3.932065526294128825e-04,-2.441856659019348377e-04,3.594054837676823044e-04,1.071911713997534372e-04,6.346345286952103011e-05,-2.601333247551822301e-04,1.357438325338860597e-04,9.766212464886059742e-05,1.607224318845117930e-04,-2.687864018675684358e-04,-2.025338368991535143e-04,1.906950803231911352e-04,1.325982176845323126e-04,2.918087567407661080e-05,-4.454504544882325972e-04,3.743036161094989603e-05,-9.227919010991056327e-05,-2.822284036300810005e-04,6.040759825954030251e-06,1.995687372980804015e-04,-1.151339793265935500e-03,-3.058172596814431269e-04,-3.422491760514188679e-04,7.778691543025396471e-04,2.057860520440145087e-05,-4.855998256407876554e-05,-4.296245811814899289e-05,-8.941568279142546316e-04,2.539693945217251785e-04,-1.110323878236287379e-04,3.461928762290786016e-04,2.434515969008655377e-04,-2.666351970680167285e-04,-4.628588318348363833e-04,2.032512871957730728e-04,-3.301477335997957466e-04,-2.321481332229828577e-04,-2.992338727915248029e-04,-6.850010528682045751e-04,-4.478485008958193818e-04,1.202103215483066556e+01,4.294139541013809258e-04,-1.092189038718176155e-03,-1.572809059243159631e-04,6.853554763726549866e-04,1.837927911347427641e-04,-6.933634304028956242e-04,4.796907079712626251e-04,6.689054566057742613e-04,-5.739007878716644116e-04,-1.685798191397245563e-04,6.537175265210444855e-04,-4.600268968001853176e-04
-1.009840345871409930e-04,2.762064652462463521e-05,-2.210821274543465443e-05,-4.598909896776017144e-05,5.596522622848461867e-05,3.341329989589208245e-05,1.569083429119413106e-04,1.514901772732699580e-04,2.625558108313602070e-06,-3.614415002914192921e-04,-5.651199080811320261e-05,-1.012064037414621035e-04,-6.165714403893518059e-05,3.238878276967879980e-06,-2.223777310289560603e-05,1.306154008349777809e-04,3.797690114493662648e-04,6.075038440751280577e-04,4.593709917103843462e-04,-2.307981028882097742e-04,8.594965220462901607e-04,6.230594901404383533e-04,-8.305554954041107114e-05,-2.805730371611156546e-04,-4.810595845522465393e-06,-3.748763613517318554e-05,7.485802771545915866e-04,6.304788928000726583e-06,-2.635599883687871656e-04,2.678181325679473046e-04,1.473269588887305759e-04,8.586200809457065607e-04,7.204936478106226377e-05,-4.389673750262438516e-04,-1.768337945940580511e-04,2.872588338583350080e-04,1.243474088493071324e-05,3.220232143056314038e-04,7.015123740667264887e-05,-3.724324529647273733e-04,-4.625324730106858320e-04,1.658016032150521615e-04,-1.040572902819919489e-04,-1.167028530293420633e-04,-8.611473099768304860e-05,-2.661380600073236734e-05,-3.982349054576315300e-04,1.166561292906265608e-04,-6.827470765519460573e-05,-4.569398466843260136e-04,-1.918424031458650092e-04,-4.097284348041880337e-04,3.220579377392232372e-04,-7.662761291644361794e-04,-3.252367647517393937e-05,7.371930536745514850e-05,-3.276056206680677410e-04,-6.633995620197589201e-07,-5.086510095238345672e-04,-5.145769747866946013e-04,8.521272003759101411e-04,1.988833371733420485e-04,3.262729659277379779e-04,2.537354257235455504e-04,7.114079873695887055e-04,-1.449277509252993625e-04,6.255391723315479463e-05,1.754612975566438408e-04,3.407222268381896249e-04,5.619445166764661364e-04,-3.479200001615063769e-04,4.294139541013809258e-04,1.202103235229329314e+01,-9.144406742481924139e-04,6.083586240044486226e-04,1.193576292931560531e-04,-3.344725572196917667e-04,1.292537127817278315e-03,7.410791996795867325e-04,-3.587375867153112948e-05,1.031858963333098268e-03,-7.627665486426830508e-04,1.016019422699089439e-03,-4.107448402565437562e-04
3.642029126942301638e-05,4.033169014991606801e-05,3.556365141703133085e-05,-1.304167860115357583e-04,-2.580530920435071654e-05,6.888401995925149584e-05,2.029989883407119146e-05,-2.560008909549238264e-05,-1.183557046157284088e-05,2.147879647019256585e-04,3.254570992567562136e-04,1.162386579857315681e-04,-1.332839021470985251e-04,2.139530560825430043e-04,2.535752921828835437e-05,1.035120917170724076e-04,9.607165197495984169e-05,7.510970711028771077e-05,1.482639685918575308e-04,7.889423711462489842e-05,8.394903082519849461e-04,-1.695782213474551249e-03,1.473787358638170217e-04,1.275006974489073389e-03,1.146460821143835841e-04,8.178881439321016023e-05,-8.948986771937239852e-05,-1.303876281312284051e-03,-5.412054096329617803e-04,4.777686020163866626e-04,2.739645683957941035e-04,4.099426153665145802e-04,-1.250565640724665088e-03,1.814042406301764020e-04,1.515888844731502370e-04,1.414275383694133534e-04,3.707463773498744148e-04,3.974217061863499182e-04,2.793690183661618506e-04,7.493533010613309415e-04,-3.440745266524867976e-04,-8.083514537690633531e-04,-5.123789928539656743e-04,1.142148131011022725e-03,-9.850195575266354909e-04,1.162916977640027476e-04,-1.244120649316520725e-03,2.746336151426115833e-04,1.010496150071993945e-03,-4.409395834704784222e-04,3.828211552088706983e-04,-2.120512465627228359e-03,-1.283590294460574882e-03,1.232030665453834675e-03,6.306415376122215949e-04,3.610615914796008573e-05,2.057233970049521287e-04,8.220335598560320396e-05,9.978478285653305524e-04,5.185254051794443986e-04,1.501517708242206591e-03,7.049013708841658787e-03,2.050396049198068699e-03,3.492271508179177475e-04,-1.210622583411877576e-03,5.667203909929632074e-04,1.162786448095348008e-03,-1.079594466051110591e-03,2.031447625642090679e-03,-3.488372734992928282e-04,9.947833244537205698e-04,-1.092189038718176155e-03,-9.144406742481924139e-04,1.202353128458438292e+01,2.011800997838299025e-04,-9.573522918089623747e-04,2.037917101200344312e-04,2.118473423178370875e-05,-7.374001580753393112e-04,6.418891919351668498e-04,-2.882455586743805798e-03,8.743033708110154595e-04,-9.915158069473954021e-05,6.791189653931864380e-04
-2.132083315659966593e-06,-1.613778072309596582e-04,5.838498413172230414e-05,6.468225814632934704e-05,6.269371500321379903e-05,-4.080462918491664865e-05,2.122403573108452257e-05,-2.526011302052504743e-04,-4.423609262897100958e-05,2.908210359749514515e-04,-2.208440594038228592e-04,-6.091874131096828757e-05,1.057780832282868003e-04,2.162016651380439390e-04,1.989924178603177940e-04,7.475092828459230492e-04,6.220428836279680556e-05,-1.054571523867770693e-05,7.301213687292430190e-05,5.309204233634271528e-04,3.467241259746682742e-04,4.145950064930344330e-04,3.215092819715864754e-03,-9.403110473401975070e-05,3.426235304474818536e-04,4.203905360432055562e-05,9.098057693724102303e-05,-5.411425887425629381e-04,2.809746681636809832e-04,-3.487034519556034338e-04,-6.328972970411059001e-04,5.647438147788960824e-04,1.469382148656453446e-04,-1.617610083708368590e-04,3.271037771553414117e-04,-4.618661365520563774e-05,9.012395156427833228e-04,-7.724444466091925053e-04,-9.847320109804054856e-04,-2.724814299302422138e-04,-3.120968727863684478e-04,-8.664597359318015890e-04,-6.762658524794370888e-04,5.320952306165636133e-04,1.152324694558441774e-04,5.054650807683930855e-05,4.603282849919254865e-04,-8.884971890085642532e-04,-1.214809738067946241e-03,-4.570481629028684870e-04,6.982550448618620028e-04,7.220958403408123073e-04,-4.812891479057443802e-05,-8.893830858615512595e-04,-1.116764842708175935e-03,1.136984747672032748e-04,-2.348974521645934033e-05,-1.129452257031350658e-04,5.573157711392939806e-04,-3.354769378897011489e-04,-1.685050304159672061e-03,2.259832452126100261e-03,-7.305259003252136119e-03,7.170106405084645390e-04,-6.546613641666663985e-04,7.718448111392311323e-05,1.391432671924451581e-03,-3.169268742686456863e-04,-1.028751061417353249e-03,-6.686071068187021216e-05,7.260592361649138328e-04,-1.572809059243159631e-04,6.083586240044486226e-04,2.011800997838299025e-04,1.202353168848027032e+01,-7.176892933454964187e-04,-1.570350968236578458e-04,3.966288493190037959e-04,-9.432398654096768760e-04,-3.065155950425450110e-04,3.855117633363088891e-03,-6.237167607831934583e-04,-1.167730440706865385e-03,5.025197879671237239e-04
-9.489775685471107491e-05,-1.747949230141037139e-05,8.670931809265261352e-05,1.055152876755114863e-07,1.548785752566035861e-04,-2.064305453816187052e-04,6.799524470537728776e-05,3.233493706285209669e-05,-1.285126879968556451e-04,6.822201664190867196e-04,-1.568103406526851623e-04,-3.874469619951469569e-04,-9.370711518328794266e-04,2.580551189096817245e-04,-3.670061768669786529e-04,-1.600197125792196843e-04,4.172642531986650322e-04,2.207104556294849258e-04,-4.383027727966191294e-04,3.081972126960176627e-04,8.260708406517161366e-04,5.269085002779682258e-04,-7.697841861677243852e-04,7.456115992196163909e-04,-1.508849397150503714e-03,-8.682285855656559368e-04,-7.217940115174378227e-05,8.533124713789452679e-05,9.073050681862565147e-04,-2.085562668734016736e-04,-1.164098746908178881e-03,1.835223104334447958e-03,-9.450819408085378050e-04,-3.108769891082400517e-04,2.596377193472991290e-04,-1.630272624278438290e-05,-5.280907225922394557e-04,-1.456184304705657531e-03,9.971677543232429497e-04,1.219934216025654605e-03,1.177608561684166753e-03,4.079225893310171620e-04,1.594845354092762606e-04,-4.520384033583399854e-04,3.865059797953166441e-04,-3.592959732708041003e-04,3.858324475707713128e-04,3.794292626621275375e-04,5.073703821390355192e-04,-6.607078397295070276e-04,9.285958191387157831e-04,5.892797823265525595e-04,-1.292494551621016161e-03,2.158656458456979744e-04,1.467341391274792992e-03,7.480815722750157283e-05,9.583800175539465734e-04,-2.646723818633898431e-04,-7.356205824744811717e-04,1.278624388513012466e-03,3.913133637680234200e-04,-2.372074374715829603e-04,9.618032581096176703e-04,1.733488283105499156e-03,-1.584683935418124828e-03,-6.634853882509852974e-04,1.690884919893442806e-03,2.667015157365136557e-03,4.316827320371037502e-04,5.979644624810575562e-04,6.198232585521486898e-04,6.853554763726549866e-04,1.193576292931560531e-04,-9.573522918089623747e-04,-7.176892933454964187e-04,1.202503418245463074e+01,9.609673016685849316e-04,-8.340227819582725387e-05,-5.028903003672414735e-04,-9.545552378502960428e-04,-1.597949147733853346e-03,1.583502551354979554e-03,-1.148487970498227474e-03,-5.943840417160567088e-04
-1.287755456136489059e-04,-2.103744301490232548e-05,1.991081825692050120e-04,-3.201492784314843170e-05,-1.136138631374486381e-05,-5.423537242822927540e-04,-1.123497173686479689e-05,-6.947950976379708196e-05,1.630027658242409999e-04,6.876819258692717582e-05,-2.551740170412651479e-04,4.018766391897363090e-04,1.835646857814473556e-04,-1.520593033059064378e-06,1.172029433827603178e-06,-4.101547869741515662e-04,-9.719807756745852192e-04,5.789482479495450381e-04,-8.799748684814104327e-05,5.638950757590082460e-04,4.009308193441430139e-04,-1.415514728780044545e-04,9.834411507395287612e-04,1.461875855958602566e-04,-1.313210720776429846e-03,6.242216912253144257e-05,8.317753181442944215e-05,-1.129710312043948756e-04,1.509606443803779188e-04,-2.072887172123337104e-04,-4.470750400912736284e-04,3.169175813546338139e-04,1.258606225242023171e-03,1.441675868596017061e-03,1.910418326351552977e-04,8.635697891624940451e-04,8.252779040501675382e-04,6.461773110711720256e-04,4.089653493763393405e-04,1.981864407828926782e-04,2.348222216558124476e-04,5.212287477244046275e-04,6.234728058878108263e-05,9.948949341403755860e-04,-1.023145694309861384e-04,7.650599161763609133e-04,-2.966795299895857974e-04,8.659412858121816022e-04,-7.415383917904150258e-04,2.342937744401608728e-04,-2.695164771210160621e-04,1.297141455444007947e-03,2.397617360837846472e-04,-5.719135327422514205e-04,4.235793806295224664e-04,-8.063494956071984429e-04,-9.397744023284345023e-05,4.192906790102557965e-05,-1.018398066244839695e-03,4.286342177450492077e-04,-1.808920822086390601e-03,-1.295799093593184891e-03,-8.824510600386019366e-04,-1.820191870679638280e-04,-1.244537509136379311e-03,-5.481694702774296719e-04,-5.887881210077140770e-04,-1.388018411144486056e-03,2.281927752255580311e-03,-6.509534863418770488e-04,-7.013592663116756517e-04,1.837927911347427641e-04,-3.344725572196917667e-04,2.037917101200344312e-04,-1.570350968236578458e-04,9.609673016685849316e-04,1.202553555367567739e+01,-4.632205917366917372e-04,-3.510054304093815749e-05,-1.767118138681386501e-04,-1.135258154547756637e-03,-1.256321349451209202e-03,-7.020274367303862631e-05,-1.365813149279517143e-03
-1.321780477991768826e-04,-1.006669418853525371e-04,-1.169955409724818989e-04,-2.343909700687915273e-04,-1.144889480339777565e-04,-2.152316719916771200e-04,-6.937581748274826172e-05,3.907279389749147635e-05,1.174777484237772714e-04,-4.660251898103814536e-04,4.606910750839932739e-05,2.941251318367358171e-04,-3.568418541927407314e-04,1.248870788773827735e-04,9.144367582076406856e-05,-5.732000833106672306e-04,8.406937136446417493e-05,-3.751371075284440446e-04,-1.444771485325191895e-04,-5.136216008910546001e-04,-5.287798095269765405e-05,-1.702830934612970470e-04,-1.419012095356651055e-03,-1.187064648948946491e-03,1.290686575156440685e-04,1.586401975343675107e-04,-5.687793139455293195e-05,-2.811898304919423002e-04,1.185636060378414403e-03,9.939562586512042369e-05,2.170300949604999404e-04,4.745570984663223524e-04,-5.952156674031009505e-04,7.988513786000186849e-06,4.597556507098100962e-04,3.028173660726541077e-04,-3.498875080298348948e-04,-2.218180928619522142e-04,7.509646602423217677e-04,2.262820826429236048e-04,1.556748595749186091e-04,-3.882873026259057439e-04,1.127834811292796266e-04,7.870236901033293838e-04,7.849719761048700849e-04,-1.447079444499904319e-04,3.360556375287843285e-05,1.442375711932303772e-04,2.687221414140638287e-04,7.543812085370879203e-04,1.383518849517121610e-04,-1.444120723852266230e-04,-2.469768382302535339e-04,3.498192330353346469e-04,6.529688681769182414e-04,6.178260649787184814e-05,1.897383729554243885e-05,-8.982567710544206701e-04,-1.158958012092377310e-03,6.674343602587999580e-04,-8.960303545582984364e-04,-2.783407055899946025e-04,1.016287510260515531e-03,1.046962656417120552e-03,1.296546225953980336e-03,-8.415688882651498059e-04,7.698517839261689866e-04,-1.617366205678580360e-03,8.147339220734746423e-04,3.201944929748121670e-04,-5.545328962804110503e-04,-6.933634304028956242e-04,1.292537127817278315e-03,2.118473423178370875e-05,3.966288493190037959e-04,-8.340227819582725387e-05,-4.632205917366917372e-04,1.202503436533593906e+01,-1.145935260815322300e-03,-1.168640792741358105e-03,1.793753140964569372e-03,9.737461509345618840e-04,2.477137406734139340e-03,-1.265661999951807077e-03
8.083665599013663619e-03,6.264719207250085339e-03,3.518084750587131826e-02,4.582232793651594416e-03,-6.319173111319940223e-03,-1.392096368539084278e-02,-1.283610757541018329e-03,2.255019172257235853e-03,2.262093685295201405e-03,-2.348927959261597892e-02,-3.350983195268554017e-03,3.232700851834131254e-03,5.471088563198853692e-04,-2.621452801942718638e-03,1.203861367432875439e-03,4.120755490017669921e-03,7.916798063953185693e-04,-5.754703431193611968e-03,-1.557789554430109510e-02,-4.379467057878127373e-03,1.894952258647917415e-04,-2.676610626596655045e-03,4.217552147983195422e-03,1.559780723526137634e-03,6.375591165250669382e-04,-4.417468929478227807e-02,8.472352830985366290e-03,3.903650035971858133e-03,-1.613068742939718914e-03,-2.713250004323652931e-04,-4.102300331131587124e-03,3.256219916101342655e-03,-1.152892781435222759e-02,2.172541059270306600e-03,1.485184867938289452e-03,9.272594110802067496e-03,1.053035166310476584e-03,-5.378940657990612974e-03,-4.587112080849948116e-04,2.234624857220627106e-03,1.808164772995749566e-04,-2.334948184468799278e-04,-3.902494822368415828e-03,6.181753079526216242e-05,9.101587038727195454e-04,-1.378437310146628236e-02,-1.226539736238181286e-02,-1.084439064552312343e-02,-1.951385845579634883e-03,-1.456605194758649885e-03,1.067427086822387520e-03,1.612178181776713695e-02,4.307903202157087157e-03,-3.203500058191369876e-03,5.517818760006724943e-04,-3.384634636858802753e-05,5.976549679342073752e-04,-2.537377323596034465e-03,4.313589910675931505e-02,1.507551678241514023e-02,-1.761192387266376225e-02,1.084538391037970229e-02,-1.296490080051840299e-02,4.132687282381752869e-03,-3.204603978415945797e-03,-1.276374637274235724e-02,-9.036383038838718962e-03,-3.210175705085333009e-03,8.020051917515586340e-03,3.741626490328152713e-04,-4.789525595582182736e-03,4.796907079712626251e-04,7.410791996795867325e-04,-7.374001580753393112e-04,-9.432398654096768760e-04,-5.028903003672414735e-04,-3.510054304093815749e-05,-1.145935260815322300e-03,1.204411438681978552e+01,7.940880918483328443e-05,-6.888784045866458428e-06,-2.008954908427895703e-06,-1.470086478612131486e-04,-4.608949606943468780e-05
-5.871780809119476335e-03,1.642967209175437773e-03,-2.874075886290001266e-03,2.430733938678836942e-03,5.766216265134047753e-04,-3.851281608733110595e-03,1.027007940779994626e-03,2.125333555911081140e-03,1.497392922490845381e-03,-2.503861092253284459e-05,2.052515070024407695e-03,-1.797830837798732343e-03,-5.939669263157658710e-04,-1.313531003269667466e-03,-5.416932837780448918e-04,-1.068318387314024127e-04,-3.214660421331750131e-03,-3.758315776423430676e-03,1.963509972670406459e-03,2.287577169985966982e-03,-1.503026183886845175e-03,1.476889391681398579e-03,2.406576576195716688e-03,1.061425686195043017e-03,2.236558887339707823e-03,7.171520289866793567e-04,5.653566691138844566e-03,-1.163984574355845722e-03,-9.305853028149764852e-04,1.880337676734682444e-04,7.053424882504297482e-04,-3.009926403674314035e-03,-2.293414357578030683e-03,-1.591560481186513054e-03,4.112883749555013881e-03,1.790737528205948309e-03,4.433037996510033260e-04,-2.785786551666773192e-03,2.015115538387275132e-04,9.281903408667486338e-04,2.850309812993897553e-04,-1.627339338218972793e-04,-1.651720363125800013e-03,-3.318254408671251869e-03,-2.149868108855962530e-03,-1.091605081612087580e-03,-1.879186010838689025e-03,1.726518643882651860e-04,3.208005582671945299e-03,-4.979264358980072403e-04,4.571747413635676195e-04,-9.303638074291317381e-03,1.359603806478506399e-02,1.304665790927360403e-02,-6.436771675967455607e-03,2.021775931854397318e-04,3.040382355128676359e-04,-1.919604538910736884e-03,-1.378604226129981347e-03,-2.667101356347140878e-03,6.734183492922499181e-04,9.898008840457661606e-04,-2.177844984051796606e-03,-5.156571902970169541e-03,2.286542225371723802e-03,-8.500141496807368802e-03,-6.497258898292557205e-04,-1.241737309927326560e-03,1.234355715710323820e-03,1.019303251909055730e-03,5.456986616026825512e-03,6.689054566057742613e-04,-3.587375867153112948e-05,6.418891919351668498e-04,-3.065155950425450110e-04,-9.545552378502960428e-04,-1.767118138681386501e-04,-1.168640792741358105e-03,7.940880918483328443e-05,1.204416798210679396e+01,6.274520911730974149e-06,-2.105754160020012478e-05,1.155763719676294876e-05,-3.919683757666603263e-05
-1.715803148001871989e-02,-1.103413501603943067e-02,3.763052242364450361e-03,1.198945359799917336e-02,1.474229589387399640e-03,1.577823036555851821e-02,-8.165322815754390935e-04,1.383479336760667054e-03,-2.747283252856759506e-03,2.239023844665856931e-03,-4.391591458738249021e-03,-6.155264483531253800e-03,8.866768361896804757e-03,-1.929942757310517711e-03,-2.712248704605147668e-03,-2.524385822067730378e-04,7.121523113454751933e-03,-3.160875524814470150e-03,4.336229087127555643e-03,3.036001766896015419e-04,2.853383778123519399e-02,-1.272801203622789257e-02,-7.648358934076455139e-03,-2.535921376988117815e-03,-1.201082712117275755e-03,-2.307153999057363902e-04,-1.150282224644523336e-02,-1.956684029180465537e-04,-3.733401696328769725e-03,-1.156278820911313919e-03,6.230732539917172713e-03,5.177113438412980079e-04,1.755241180315757384e-03,-8.342988815900256178e-04,-2.382914665777311619e-05,-2.390719396751019542e-03,2.660448633412270704e-03,-4.624904150514950324e-03,-7.035451815669138209e-04,3.789523867948601382e-04,-2.710813214625903272e-03,2.794254657128433187e-04,2.106946780920758346e-03,-2.580963580961713553e-03,3.021308811263320087e-04,-9.929391548353788677e-04,-2.119602605787518357e-02,-5.310550815770826577e-04,3.837155997370490096e-03,-8.826534734777046962e-04,1.863251045380474782e-05,-1.384817811993982462e-02,5.221340538877974891e-03,-4.354201227524638271e-03,2.653960672156530434e-03,-1.666293475683327911e-04,1.536151925240993987e-03,1.319166054958588550e-03,-3.761194789007937800e-03,2.394071981984431663e-02,2.736016207572729286e-02,7.810745097556696243e-03,9.261311261620608359e-03,4.952134459623142027e-03,-1.241443740677475316e-02,3.026278666826129338e-03,-2.890255446009404316e-03,-2.817751978707318250e-02,1.265399435479670764e-02,-6.983841194547344561e-03,-1.598408535961607507e-02,-5.739007878716644116e-04,1.031858963333098268e-03,-2.882455586743805798e-03,3.855117633363088891e-03,-1.597949147733853346e-03,-1.135258154547756637e-03,1.793753140964569372e-03,-6.888784045866458428e-06,6.274520911730974149e-06,1.204430356073046049e+01,-3.169437987970979975e-05,-7.381547794338416679e-05,-6.786289261428990471e-05
-1.134578903654259209e-02,2.135904813033165633e-03,-4.171578572473888177e-03,-1.370985966371077256e-03,3.121382995505562336e-03,-5.480052036086553030e-03,1.420796943788133143e-03,3.750666070854303917e-04,1.028262972436913385e-04,6.627703074593724840e-03,-3.264709912402432440e-04,4.659881163201085724e-05,2.267939461080488092e-03,-1.222066298077141219e-02,-5.893114050426183706e-03,-1.385088494451080805e-04,1.940957725574989079e-05,-1.089350396778349106e-04,1.949300309068684872e-04,4.236449925643129624e-03,-2.945002857323981288e-02,3.284232516230251031e-03,1.948922027246975577e-03,-5.643307534591076452e-05,-1.629012508300903272e-02,-9.052640788081620614e-05,-1.444705772419029900e-03,-2.043522439035250302e-03,-2.069286230913260777e-03,4.065663660940722034e-03,8.319742426223705398e-03,5.070900778172651030e-03,-8.955354997734841366e-05,1.913443376927918913e-03,-1.900671487383254026e-03,-1.385897874595589177e-03,-3.583687842746024338e-03,-8.812163032810184718e-03,-9.860816586765915482e-05,5.600417361962650286e-04,4.616815023580234795e-04,1.368974779229126118e-03,1.654245095759292574e-04,2.765226882778679118e-03,-2.475357709979045251e-05,8.062676640544510186e-04,-6.031236733250587567e-03,8.550598653583353637e-05,-1.076968484940000678e-03,4.406703765310298736e-04,9.606885598413507019e-07,-4.471266800205222179e-03,1.711420865334992159e-02,-1.974267951078428722e-03,5.762897037653985297e-03,3.528409515809592667e-03,-1.657660552152519272e-03,-1.145456449226310005e-03,-3.258591625540604997e-02,3.296581093575100263e-02,2.496401558508231852e-02,1.588449298870103776e-02,7.524197220181716439e-04,-5.685079468752629595e-03,8.435746876237692690e-04,-2.441277176569013260e-03,-1.279943242944198839e-02,-2.731120864976635532e-02,2.253431304847405142e-02,-2.516665521552643482e-03,2.925435148850566089e-03,-1.685798191397245563e-04,-7.627665486426830508e-04,8.743033708110154595e-04,-6.237167607831934583e-04,1.583502551354979554e-03,-1.256321349451209202e-03,9.737461509345618840e-04,-2.008954908427895703e-06,-2.105754160020012478e-05,-3.169437987970979975e-05,1.204422107005762577e+01,3.010568268568825090e-05,-3.551404807744518166e-05
1.604888912624088341e-03,1.440558715079624623e-03,5.082507885657448418e-04,6.401525702760466063e-04,1.379609100553239737e-04,2.433924938469219507e-04,2.695771045076363341e-04,3.262137712483942093e-03,2.322106483550794888e-03,-1.746118783999167732e-03,-1.206522932384436822e-04,1.390694833155363755e-04,-2.555730739773390964e-03,2.712800986418944377e-03,-2.994834817216726619e-04,-9.662911704704096882e-04,-1.781454199395241661e-03,-1.184731046109124830e-03,2.476857044825909321e-03,-3.576071290307980891e-03,4.027653989277749091e-03,2.375901645411871224e-03,-1.858151791273392889e-03,-2.237090486046002663e-03,-2.501154340666367302e-03,-8.463263293554327930e-04,-4.383382377570977859e-04,1.625310204659943976e-03,-3.515318659123516966e-03,-7.747793591579357764e-04,-3.399580336212329815e-03,-1.797425869325236861e-03,-1.908873574971374498e-03,2.784643772612447818e-04,2.647281958380397204e-03,-2.027426493294395924e-03,2.034157930377618675e-03,-2.342919418068089427e-04,-3.736223620586061811e-04,-3.302612064633444556e-04,-1.762647355848852987e-04,-1.053811217891014677e-03,1.286452712301772681e-03,1.071170448133887832e-03,-2.983935843879740018e-03,3.460061510969881376e-03,2.529542074219745876e-03,-6.442081673770673478e-04,-1.376358491172553419e-03,-9.310612140211950351e-04,-3.612798447257766811e-04,2.910908111410912859e-03,1.060125983786646417e-03,-1.189349497521429572e-02,7.320160247776435689e-03,4.428060018553344780e-04,6.515236633837928094e-03,7.948289167987222098e-03,2.125000043833494279e-03,-2.876097295815982502e-02,1.765981231730828771e-03,-1.300770097047694238e-03,1.463032574228716187e-04,-8.553239455857536422e-04,1.954442474327550139e-03,-5.271864934947578796e-04,5.531667001681166151e-03,2.113949505297824105e-02,9.660782442446336216e-04,-6.829286082248443683e-03,-1.682288223133588528e-03,6.537175265210444855e-04,1.016019422699089439e-03,-9.915158069473954021e-05,-1.167730440706865385e-03,-1.148487970498227474e-03,-7.020274367303862631e-05,2.477137406734139340e-03,-1.470086478612131486e-04,1.155763719676294876e-05,-7.381547794338416679e-05,3.010568268568825090e-05,1.204500619774935899e+01,-1.071784359288896482e-03
-1.671775431910005501e-03,1.149792181967768286e-03,-1.900321975779558671e-03,-4.454839465739442173e-04,2.834795543612452992e-03,-1.229313556972855964e-04,1.285176438455296012e-04,-3.064638686682851377e-03,-3.160584064002889930e-04,2.331201594582596459e-03,1.215726984195312360e-03,7.669302740581137451e-04,-4.910679130528030484e-04,-2.332272798698703346e-03,-5.144567286353400257e-03,9.498278034971580075e-05,2.617465574332505408e-03,-2.965741522829010157e-03,6.578846581718677741e-03,2.653597821980699378e-04,3.658208704555333812e-03,-1.383398875466722647e-03,6.666524490417035168e-03,-2.057138647742329848e-03,-1.001695532786170580e-03,1.287210728275205336e-05,-3.772225513354692775e-04,2.023717894941931723e-03,7.975438745152251593e-04,2.092786629643381396e-03,-2.298381455985711377e-03,-7.618469504197468607e-05,8.014250371847424052e-04,-3.659931690184954275e-03,-3.093108221988708460e-03,8.221973173931799777e-04,-2.056833237935876395e-03,-4.885465113645304398e-03,7.575150850824976341e-04,1.032764911704616134e-03,7.251248473899556818e-04,-7.938228738698259110e-04,2.125692198635915431e-05,8.965852096995364715e-04,5.584997851575380055e-04,-2.286955166305228507e-03,3.146351682495850122e-03,2.324930096779032063e-03,1.063623589027421976e-03,-3.074055814358000755e-04,1.373804252234968760e-03,1.670327611503607396e-05,-3.499425239612213336e-03,-6.909713247983797178e-03,-1.083924644940338980e-03,6.948150905719961863e-04,8.039176504076296637e-03,-7.339246149621324669e-03,3.617814057423589247e-02,-9.392978130187606967e-03,6.265486486617594108e-03,-5.750515359698796236e-04,-9.165837468943782707e-04,-2.503025907091865898e-03,3.031029757559533522e-03,-2.901260094270011192e-03,2.870081583067482511e-02,9.088659945963674380e-03,5.043411860139457303e-03,-3.190651403201570299e-03,2.234221014941134911e-04,-4.600268968001853176e-04,-4.107448402565437562e-04,6.791189653931864380e-04,5.025197879671237239e-04,-5.943840417160567088e-04,-1.365813149279517143e-03,-1.265661999951807077e-03,-4.608949606943468780e-05,-3.919683757666603263e-05,-6.786289261428990471e-05,-3.551404807744518166e-05,-1.071784359288896482e-03,1.204501390635260805e+01
