9.999999999985440535e-01,-2.048941284029829013e-05,-2.058650949189276932e-05,-7.156145118791041226e-05,7.356022772555283185e-05,-2.439238375951865911e-05,-2.039179654584274168e-05,-2.410081111701921591e-06,-5.629032306188353765e-06,6.177793767992551498e-05,-1.442240560947253310e-05,9.312494651388488658e-06,1.156818465360066910e-04,-2.432939265774337336e-04,-1.475100883278311896e-04,9.743038689571015178e-06,7.729541268796214328e-05,1.053815761492193703e-04,1.124562036451150215e-06,-1.048064793321553333e-04,1.968703823558998008e-05,-2.700281713346427596e-05,-8.909947008653503150e-06,1.119550624250265073e-05,2.740767071370089788e-05,1.281919686337665794e-05,3.516537997486732535e-05,-3.106351325566664319e-05,2.996458097652814011e-05,4.072614357115599741e-06,3.437663122312712349e-05,-1.649778287047459551e-04,1.070036950539658715e-04,3.048148756679487821e-04,6.820693471850370585e-05,1.789434433477742753e-04,-6.865432986915871868e-05,-1.529794060993486476e-04,7.051082095698644721e-06,-2.717185488134481945e-05,-7.333157582527200609e-05,-7.138661334896044465e-07,9.939304757941929504e-06,-2.174287662987842870e-05,-1.422452021526880600e-05,6.141583256795004144e-05,5.874764883699124061e-05,9.606140768388218062e-04,-1.455655539170852206e-04,2.490161616234328607e-05,2.958865154450117385e-05,4.065780582248729712e-06,2.349361473997032033e-05,4.410473126185217820e-06,1.486616460516948399e-05,-2.132395767405676802e-06,-1.255213191366572523e-06,1.070481702848522952e-06,1.075824556823032974e-06,1.372971309201026908e-05,-5.603621725099844461e-05,-1.008122694147948453e-05,5.127908506650489756e-06,4.497291401830093554e-05,2.836608609790315910e-05,-1.665062661619189560e-05,8.041004285089989572e-06,8.418702613576023507e-06,1.838633707558101247e-05,2.517121403045342854e-04,-1.733244662067583275e-05,2.068725392341096085e-05,-1.026157261676483847e-05,3.704535164943915237e-06,-2.212121857634443134e-07,-9.652335911666441536e-06,-1.296940995419781033e-05,-1.343280345987953138e-05,8.217157206424009937e-04,-5.963139290548124735e-04,-1.743706914714088143e-03,-1.151611772738512151e-03,1.630368861065364288e-04,-1.692118201095182224e-04
-2.048941284029829013e-05,9.999999999998306910e-01,3.876363988244236952e-06,3.657405529246752346e-05,-2.019262276293957108e-05,-1.298214775254923092e-04,-1.566779148926860694e-05,-9.656219905471857823e-05,7.795184074661743942e-05,-2.712766025318716552e-05,-3.406460317321210584e-05,1.844880780314435160e-04,-6.789016220500908370e-05,3.865018083225227314e-05,-2.399965113490040104e-05,-9.149444238180492323e-06,3.827236423707518209e-06,5.704076937741752503e-05,-3.450948607476166281e-05,-1.262728118052109717e-04,-1.035586150115272604e-04,-7.260859722245266456e-05,2.382134886129144222e-05,6.689364859183401994e-05,3.611376411249070650e-05,6.669146272310615825e-06,-1.437588499699036116e-04,-2.569346294120153696e-05,-4.680409735784204491e-05,-4.271425599683430408e-05,8.218515981147007411e-05,5.041894877381745488e-04,-5.282541257601424268e-05,-3.160157249586568020e-05,5.491405302649917644e-05,1.869872747593890727e-05,-1.152721007847268405e-04,-8.352457312587755140e-04,1.014398061164920148e-05,-4.863610323699631019e-05,2.251592748804672958e-05,-1.897191618467843849e-05,4.574565677969318192e-05,-1.029457177645445751e-05,1.000391293856029554e-05,-1.214941153498947692e-04,-5.905573179996210110e-04,-1.555853654001959629e-07,7.027721738319726331e-05,1.155848077165003021e-05,-3.231004120270237123e-04,4.933654194860103711e-05,-3.107945275200388200e-05,4.884445157854430504e-06,-3.457622828229428140e-06,9.681537030027670280e-09,5.582075026406164292e-05,9.039811954380332602e-04,1.380184153394378699e-04,-9.562560266555109696e-05,5.462673438020942355e-05,2.140492250047785453e-04,3.622689211227797849e-04,6.129388109521786109e-05,-1.295511706438763014e-04,-1.244157713909982855e-06,1.036239085241209325e-04,-3.690553407956101255e-05,1.017280916139428172e-04,4.378992264589652442e-04,1.930247213164907228e-04,8.368713842065956808e-06,2.705478565462011407e-06,4.005629339313201490e-06,-1.585470771645571182e-05,-1.715982768495892395e-06,-2.033836475909751691e-06,-9.849004915776478700e-06,6.115974604846926600e-04,1.607921754739620630e-04,-1.082710816323033442e-03,2.108837653175570830e-04,1.429798214875860731e-04,1.132497434066700439e-04
-2.058650949189276932e-05,3.876363988244236952e-06,9.999999999999992228e-01,9.409942511610244428e-05,-7.558102359428924910e-05,-2.395207152700402968e-05,-5.566429888035195675e-07,-1.012585010014537684e-04,4.651671620007789484e-05,-5.843661975946361914e-05,-8.002830896058819269e-05,9.053847218512474674e-05,1.527177131306265399e-04,1.696686605285572543e-05,-5.721803211648761745e-05,-3.044746472251097687e-06,-3.346856325112091378e-05,1.766872404108206160e-05,-2.312879974066895175e-06,-5.874787874359324331e-05,-7.271739545922842188e-05,-5.394696377470464376e-05,2.893260175942536375e-05,-1.245884265132254204e-04,1.241418598107652387e-06,-2.929318149741444758e-05,5.374087315879476270e-05,9.279909406587182193e-06,2.599622244415762681e-05,3.194373028474093253e-05,1.144103111960650352e-04,-1.669295156735263008e-04,7.218748299522967284e-05,2.127514856693088160e-05,-9.124160189640775822e-05,-8.952541897449678703e-05,1.810791967085749986e-04,-4.625996522160915258e-04,3.490030982872229708e-05,4.199701415414704310e-06,-2.789852868304737600e-05,1.621089542268745596e-05,-1.774426856031219429e-05,-1.679207949613085375e-05,7.499283638062903708e-06,2.927470713921239776e-05,-5.633419553510331723e-04,8.066277646462361676e-05,-3.201302739303532943e-05,2.077525851639210747e-06,-1.867666188064844544e-04,-8.781682477144028625e-06,4.839607158842238030e-05,-7.158614246484356058e-06,-1.307055429207542622e-05,-2.665655336800914045e-06,3.801417697366820184e-06,-4.323577727842007473e-04,-2.314179154296486804e-04,-1.043465041261314717e-04,7.790717454293213462e-05,3.456401910324958431e-04,-2.046008690659632768e-04,-4.746193584149403224e-05,7.018846663722896548e-05,-1.398707688723677925e-04,-4.800766782184136836e-05,-1.242511120294638579e-04,5.935770625186696022e-05,-1.486689996855913539e-04,9.443685499268617608e-04,5.440921726038794221e-06,-2.166393985167293469e-06,3.524399144386783989e-06,5.779515554742545278e-06,8.475701482338499025e-06,1.953941413831718324e-05,-1.151987076338244761e-05,3.446533072911425917e-03,-2.812957720496435995e-04,3.704196539231706907e-04,-4.105892604569054416e-04,4.820308494265883575e-05,-1.835574528254329575e-04
-7.156145118791041226e-05,3.657405529246752346e-05,9.409942511610244428e-05,9.999999999497938274e-01,4.008516872278305250e-05,-2.820076761485473745e-05,2.726516285708033060e-05,6.542263524288294621e-03,2.011810071578122062e-03,5.461935793742205220e-05,6.263792579966603186e-05,7.909916586392918181e-05,1.114004834655620696e-04,-4.141843740960521542e-06,3.951453332399922265e-05,5.357812222945052710e-05,2.282790603420578081e-05,-2.625033556845774710e-05,1.623154384983351971e-04,3.829270678434154845e-05,8.842294951429258539e-06,3.711792979133766307e-05,7.908471166076287576e-05,2.242857522454489268e-05,5.425601456876191775e-05,-1.094580690808877603e-04,-1.113589567287647745e-04,1.152361532355249829e-05,-5.803860087594188725e-05,2.692202643895622597e-05,1.725775855800060730e-05,5.229019839375682898e-05,6.084710306203822833e-05,4.281026227751368415e-05,-1.172309962316185763e-04,1.948827380984820279e-04,1.171290778366612119e-05,1.228534601519989944e-05,3.205557108845611064e-05,4.880430723346790344e-05,-4.997561171557844131e-06,9.667194266126435118e-05,5.614443246309257178e-06,1.508841656053195381e-05,6.193312529481435067e-05,-3.234362777208995253e-05,3.518743979792371412e-02,3.570052812859275757e-04,2.626818559542876607e-04,6.082470548620249630e-05,-5.224783155877186580e-04,-4.674767637941750642e-05,3.835088928127068235e-05,-6.818051344214162810e-05,-4.856817333938730436e-05,1.356653183683958108e-05,2.757329787165085488e-04,2.052609432758907906e-02,1.808231162291762536e-04,-6.446257314148516604e-05,-3.296747739185243334e-06,3.527497798265590608e-05,-4.901878171301166098e-06,-1.654745992283362236e-05,4.428353681240100462e-05,1.927093546033778986e-05,-8.127263578805351543e-05,1.427506122024864324e-04,-1.641060231203646897e-04,2.552261984324295579e-04,3.092535914102957921e-04,4.377376031896906871e-07,-4.279159301241174953e-06,-1.250651242996198687e-05,5.991717850155894625e-06,5.136219539306452172e-07,-2.798899877875600701e-06,-2.257679197701607118e-05,4.313744806580414653e-04,2.302608039119653522e-04,1.135420716590061210e-03,-1.304421657785151379e-04,5.907802658147720543e-05,-4.247608295870832114e-05
7.356022772555283185e-05,-2.019262276293957108e-05,-7.558102359428924910e-05,4.008516872278305250e-05,1.000000000000000000e+00,5.045613746699311033e-05,-3.100980679353172276e-05,-2.745637561614718003e-02,3.046287405754300121e-04,7.103625529154304814e-05,3.751295910861009424e-05,1.162257827696582919e-05,-5.487452836307448047e-05,-3.609177582991103398e-06,4.403957039430857082e-05,5.856191357160524420e-06,-4.666061653979969998e-05,5.582137596748626245e-05,5.689502605738623250e-05,-3.797957284313474048e-05,5.666690177223206458e-05,2.806007795616005719e-05,-2.589796551506867616e-05,9.636960904965159854e-05,2.513785737381381123e-05,2.430308301393253184e-04,-3.069555439124293150e-05,-9.920064042519556699e-05,-1.164873563652984881e-05,-6.022044311342170412e-07,-2.305092830627263598e-05,1.157076906572584302e-06,-5.372583542932843651e-05,-7.572320522983007167e-06,-8.926632272961056852e-05,-4.832144422757121867e-05,1.627125427195851709e-05,3.232699285849686271e-05,-5.038979846040183566e-06,3.821543709390156561e-05,2.223512465649234258e-05,-3.691448021162443846e-05,-8.019162697341211720e-05,-8.073472990569135175e-05,-8.138516313104580908e-06,2.094347326089217570e-04,-2.016629666771106028e-02,9.627718600118439270e-04,-1.902472973932733610e-04,-1.783304420106425329e-06,3.210165207949220573e-06,3.939070885551999786e-05,-2.180067862983506416e-05,-1.044750218480184354e-04,7.978430908333301131e-06,-5.931113753062247174e-05,-2.187912606100672445e-06,-2.010786895693840795e-03,2.952939132754912226e-05,-2.000662797394969392e-05,4.991439679022458887e-06,2.928026700098687596e-05,7.922554576063480609e-05,-5.786630958739022001e-05,5.741561234585807979e-05,3.571156643827010611e-05,1.781489570233287922e-04,2.877831854644966308e-05,7.171640987599251036e-05,-1.697955016330639547e-04,1.308552231735150752e-04,1.570231966933219667e-05,5.626167480999172139e-06,-2.385252677905701861e-06,5.758095256756650006e-06,1.461121719524759258e-05,-1.009122508280289255e-06,-1.102866676694348703e-05,-5.983110523488329759e-04,5.618064550790978669e-05,1.365084586518893915e-04,2.930624229832763010e-04,1.294604607908380733e-05,2.691832597694048673e-04
-2.439238375951865911e-05,-1.298214775254923092e-04,-2.395207152700402968e-05,-2.820076761485473745e-05,5.045613746699311033e-05,9.999999999999987788e-01,-4.880608151076500090e-04,1.455681322990360379e-04,-1.989000890318892386e-05,1.964459486463299951e-05,8.493965548430790238e-06,-5.522973719536178501e-05,-2.384338429483509310e-04,5.104870930911604380e-05,-5.869521707066556666e-05,3.973174596132769123e-05,-1.247895038355149627e-04,6.470119066519393596e-05,1.209678802296218665e-04,5.778847321206829514e-05,-1.351093039860849581e-05,-3.002232775958985946e-06,7.513814537577280549e-05,-2.390267803527675099e-05,4.811981151942047437e-05,1.025811414264626896e-04,-6.317636046918245014e-05,8.655272286338656061e-06,-6.293433087996844807e-05,2.287520833962609269e-05,-1.435256582378498930e-05,2.427062974972847586e-05,-6.964854139949371243e-05,-4.116354904243058055e-04,-5.050836811821245165e-05,-2.574838898778547547e-08,9.531052917103113864e-06,-5.914745520396388640e-05,1.944003962797121991e-05,-2.129131124404661169e-05,9.171662527193099365e-05,-8.478897691108433377e-06,2.274440816480122440e-07,-7.234728690120758828e-05,-8.698038697643452289e-05,3.612307165347800053e-04,1.117620412713030142e-03,8.395623118971535809e-04,-4.695983332803615323e-04,7.061403016056158740e-05,-4.925576387329030697e-04,3.115842466123407004e-05,1.937777467099548396e-05,4.950949709135111696e-05,-3.190769099088314875e-05,9.488358542493339001e-05,6.196004590573434250e-05,-4.542369717570554719e-04,-1.210728871440668757e-04,-7.322277754509207148e-05,-2.027137785279185464e-04,-1.425251581445356698e-05,2.721140032711941647e-05,9.349561835442601106e-05,4.450755683126870208e-05,4.567567710483636412e-05,-1.402453644766668344e-05,-6.412546291733464622e-05,1.116325445326456093e-04,2.660464299657501583e-04,-2.435970585399777348e-04,-5.287938593234069442e-06,3.194074789437548390e-06,6.120560143642246901e-06,-3.502704679032378758e-06,-1.946999991078130640e-05,-4.987382609296989709e-05,-2.019573763052145461e-05,-1.317464800010425489e-03,-3.631585047001198397e-04,1.494238696697653291e-03,-5.187336255861492440e-04,2.350225872604423021e-05,-1.139204482245590247e-05
-2.039179654584274168e-05,-1.566779148926860694e-05,-5.566429888035195675e-07,2.726516285708033060e-05,-3.100980679353172276e-05,-4.880608151076500090e-04,9.999998552756197423e-01,-3.808261126259379972e-04,1.544114687826762203e-04,-2.480900504905270745e-05,3.353764646602230273e-05,-2.726448550371407339e-05,-7.046997129308992490e-04,-1.064151753152694395e-04,2.432187773363031697e-04,-4.371880173064095904e-05,1.246051485470852402e-04,3.466791003461518173e-04,-3.675005399693834847e-05,3.222185605586576351e-05,9.140205887032964863e-06,-4.220479082260726703e-06,-1.127144238215911598e-06,-5.865551538551806276e-05,-1.290178267063439674e-04,9.170911190401094537e-06,-1.234982680818922859e-05,-1.262484456260089141e-05,7.838429229566862646e-06,-5.941790226565894588e-06,-1.631244316367353928e-07,1.480962735951279743e-05,2.891173378634989835e-06,-2.007590665749245081e-05,-1.746669709359115565e-05,1.906499619995405035e-05,2.108611119006498918e-05,-1.167410452086941415e-06,-4.866069259600066372e-05,2.993905487978554313e-05,3.364906325514828038e-05,-3.012645763205209161e-05,1.581413064685596525e-05,5.773217159461513671e-06,9.538742649134033497e-06,1.127880500175598147e-04,3.151453451244837743e-03,4.242703559387754446e-04,-1.078510775935561002e-05,1.781669107354353780e-05,2.425788870636381482e-05,-5.683529303999462095e-05,-1.037699675580072069e-05,7.710208545828437472e-07,-9.950201236623205204e-06,-6.818512074447530269e-06,-5.993948949898275300e-05,7.100908167381476260e-04,-4.697269576811693200e-05,-4.831777422392250473e-06,-6.222306325839967514e-05,1.073906621250502228e-05,9.180747912751997743e-06,-1.290385937502062214e-04,1.125716983689958016e-05,2.447262908923134595e-06,-2.329989298510881977e-05,3.315097386232299077e-06,-7.848984648397040200e-05,-1.246329452364391618e-03,-3.133418876848909464e-04,-1.012384506592281175e-05,1.461688777032435779e-05,1.895072168444627623e-06,1.967786194574292287e-06,6.325110666350377883e-06,-1.041043003445930551e-06,-6.463348340831149422e-06,-1.195561680511919860e-04,9.570605845757663760e-05,-7.600802263486575096e-05,1.325763140128520968e-04,2.509378340400583238e-05,1.190373546734945452e-05
-2.410081111701921591e-06,-9.656219905471857823e-05,-1.012585010014537684e-04,6.542263524288294621e-03,-2.745637561614718003e-02,1.455681322990360379e-04,-3.808261126259379972e-04,9.999999861134631907e-01,-1.982715601862037116e-09,-4.415426252128500876e-06,3.633086836204784884e-05,1.830969683088882550e-05,-1.544174554909055752e-02,-1.126101187133580865e-02,-2.050822869778960722e-02,1.719329296049516842e-04,5.125858542703604775e-05,5.975387294289338097e-05,-1.394983861179397572e-04,-8.588612222729802292e-05,3.192217765030390858e-05,8.440530799068121285e-06,-6.273313321340887472e-05,-1.169805995208797261e-04,-2.191765094310487946e-05,-5.078666398968179800e-05,-2.024930411487494612e-04,9.757577591359349427e-05,-2.810942165050117430e-05,-2.737525447468631143e-04,6.526502377234282438e-04,2.646152301701403583e-03,8.794158180640504561e-05,5.272468427248866592e-05,5.321818058865666326e-05,1.345185558439082564e-04,-6.836330600581690554e-04,-1.842372823723082038e-03,-2.792282879864656925e-06,-2.796589170255290918e-05,-3.263146050916601999e-06,1.354443021247821890e-05,3.405094846176702887e-06,5.242514426566782587e-06,-5.823957534608679531e-06,5.429826326795062375e-04,2.633629799096552128e-03,-2.207945278068406195e-04,-1.277734193901445181e-04,-1.286292919790386891e-06,-3.187560020072104333e-04,6.399705126915385697e-05,-2.297781227289856059e-05,1.855775519764084845e-04,-7.180011245239476436e-05,7.764070017607518177e-07,2.431379846845401643e-05,4.561104345573699554e-05,9.756920658396658137e-05,-3.843531323152869392e-05,-1.135642697095147577e-04,-8.868401706971175327e-05,3.947725233130849849e-05,1.543229591177210395e-04,5.557681626908216391e-05,7.153411814226108014e-05,2.483245293446802475e-04,-2.666307552860273244e-05,-1.468383681973801837e-04,-4.037120510571604254e-04,-1.091638156450030692e-03,-1.957045999435305393e-05,1.391945693292902779e-05,-2.384716078299329475e-06,-2.323238510313680214e-05,3.422061601861888809e-06,-6.172816394618851135e-06,4.020591167986443483e-06,2.041818081843584684e-04,1.964790754117140103e-04,1.257931056567202096e-04,3.338222133647712753e-05,3.030387802311901432e-04,-2.901788924571234874e-04
-5.629032306188353765e-06,7.795184074661743942e-05,4.651671620007789484e-05,2.011810071578122062e-03,3.046287405754300121e-04,-1.989000890318892386e-05,1.544114687826762203e-04,-1.982715601862037116e-09,9.999999999999970024e-01,9.491896233203978147e-06,4.036543763326043156e-05,-1.172915982466005320e-04,-7.677180881102707317e-04,-1.603997066939501920e-03,1.012336038018890084e-03,-9.798435056276692812e-06,7.066347362947623945e-05,4.171509842895021469e-05,1.207433865222547198e-04,4.581272112186979273e-05,6.511470975406429804e-07,-2.462781887543211628e-05,1.197777106615281078e-04,-2.030426990507343366e-05,-7.259629207370157640e-05,-5.062240783379386719e-04,6.482531045375622024e-04,-1.059368391988034898e-06,-4.537583463103442944e-05,7.733614106330422559e-06,2.881628821924425883e-04,-5.966021464522445420e-05,9.236015013974079903e-05,-3.459206365688234728e-05,-5.397871706653697087e-05,1.261907232236433364e-05,1.900993050137434262e-04,6.283898237319294859e-05,1.179123765606261785e-04,7.761212232286709452e-06,1.741140915801155887e-05,-1.066705055889584186e-05,1.101111440137196812e-05,1.059612764284450220e-05,1.428612363252021171e-05,3.689233309757465433e-05,-2.196919523301304068e-03,-2.642342935781864105e-05,9.024665487761948310e-04,-6.563360158554974017e-05,-2.440982164845923981e-04,-2.464142387255006941e-05,3.453631836193521925e-05,3.503557828923403684e-06,-2.596214934872008036e-05,-1.778552898696944882e-06,-7.370140341636346708e-06,6.347539821834749583e-05,-1.135871658134643674e-04,1.334667413363285326e-04,2.856285847639173525e-05,-7.173916618284667079e-05,4.543989375535586691e-05,2.270951978879986782e-05,-3.654639805519566278e-05,2.378246758957792105e-05,-2.521073384006409818e-05,5.919021701295856163e-06,-8.695739881707074557e-05,-2.694290417437095208e-04,-9.969872210340243769e-04,5.544980371179543020e-05,2.433805476063162672e-07,-1.089924060816169573e-06,-4.072631135247567138e-06,-1.181871118431319630e-05,1.499190243377791190e-05,1.082219053537654806e-05,2.129079582664044051e-04,1.337090545956454179e-04,-2.522032399584515981e-04,1.021698625000765851e-05,2.151274844906517691e-04,-2.867605623249876797e-05
6.177793767992551498e-05,-2.712766025318716552e-05,-5.843661975946361914e-05,5.461935793742205220e-05,7.103625529154304814e-05,1.964459486463299951e-05,-2.480900504905270745e-05,-4.415426252128500876e-06,9.491896233203978147e-06,9.999999999974060749e-01,9.832484459626750957e-06,-7.226313297115540392e-06,-1.246338353689028199e-09,-3.466318488612794672e-04,3.999608041774532926e-04,-4.749946862898164930e-06,7.646911142391698418e-05,-1.330224959930625950e-04,1.346426818202121900e-05,4.542410508855219010e-05,3.276573966156184643e-05,-2.352470124484423616e-06,-1.876190966209133717e-04,6.219507484619938458e-05,4.209070530749789012e-06,-2.045936985556902734e-04,3.644699658849909901e-05,-3.539027213383248878e-05,-4.172847003238032464e-05,1.180541732112700594e-05,-4.759484771799869481e-05,6.160170790454064585e-05,1.353937441778707302e-04,-2.510127316300185063e-05,-4.413055379965790531e-06,-4.407414500425563768e-05,-1.253552285924269919e-05,3.367166270041164122e-04,-5.494205037790061904e-05,1.341991805216134526e-05,-1.690845808244103329e-05,3.118245985760931526e-06,-2.963577956541056657e-05,-6.144876480260812418e-05,8.749485494863316925e-05,-5.608226879569751244e-04,-1.505550626813334340e-03,1.166421746997377750e-03,2.613539953584471161e-04,2.884845839429218332e-04,-3.103097370937481117e-04,-5.990874998140764847e-05,1.464454155429663337e-05,-1.010347333657385610e-06,-7.062450288696569211e-05,1.228660887844450387e-05,1.157131200345984835e-05,5.766497696006139508e-05,-2.437167538334780031e-05,-3.104145011608729597e-05,-1.473256783363638216e-04,1.044276809004273818e-05,2.725680590444033420e-06,-4.248874055469377062e-05,-8.288744988757187904e-05,-7.680374716371651464e-04,-2.376844573228828472e-05,-1.444566040182141894e-06,-1.630915920440162165e-04,3.877242314487567968e-05,8.894815900979143432e-05,-1.200016068571580771e-04,-3.574912996190386823e-05,1.791806508048981203e-05,2.862041443869127512e-05,6.148234969268959182e-05,5.008360723807290285e-06,-4.222471849277704145e-05,-2.144751478553731661e-03,-6.600380624459384468e-06,2.050543030613132737e-04,6.067075619258732950e-04,-1.604403900587915020e-04,2.133009479051815199e-04
-1.442240560947253310e-05,-3.406460317321210584e-05,-8.002830896058819269e-05,6.263792579966603186e-05,3.751295910861009424e-05,8.493965548430790238e-06,3.353764646602230273e-05,3.633086836204784884e-05,4.036543763326043156e-05,9.832484459626750957e-06,9.999999999999985567e-01,-6.571377432474481185e-05,2.702989139740686147e-05,1.325483504139043738e-04,2.560986092075462394e-04,3.824755073317366930e-04,1.119022398271508553e-05,1.948713395536702270e-04,6.112981731974762457e-05,1.641021705089964165e-04,1.746003637465828577e-05,1.988943869630629418e-05,4.614274743632782979e-05,-6.993610792492513004e-05,1.511935157940700399e-04,-3.771966752591237617e-06,-2.733630768771220642e-05,3.679094057656257069e-05,-4.457034403302566165e-05,-7.149588331643448830e-06,-1.117147294301527351e-04,-8.802203915883973677e-05,-2.843902369069849483e-05,4.200214238983942736e-04,8.561728017307041654e-05,1.534582984389558195e-05,2.879938673987849111e-05,1.151632598850169440e-04,-6.513045160051174158e-05,2.992872038595210569e-05,-8.980703532716357391e-05,-8.606444834505679444e-05,3.881010056435013758e-05,-6.644635577970637577e-05,-1.111686172641830893e-04,-1.059976523583552183e-03,-1.088299904422987928e-03,1.250461097791413659e-03,1.584264770366818889e-04,1.909233553464545062e-05,1.771051280567920508e-04,6.961380591454905360e-06,-7.451006131253240625e-05,-1.061472159097267754e-05,2.781422067215612092e-06,6.539809413442577209e-05,1.927605901325259397e-05,-2.382881485640790003e-04,7.458382834015148989e-06,-5.707686279503201409e-05,-9.340369469311568182e-05,2.779804152103260804e-05,-2.424426559955340511e-05,-1.250909732118394690e-05,3.920512728981025846e-05,1.491094250170896902e-04,-4.405284132311371962e-05,9.749178795647427120e-06,-9.966219867304690859e-05,1.216422737490950866e-04,2.901305019403053009e-05,-2.943858685408229904e-06,-5.418724213420042740e-06,3.293485480073353976e-05,-1.931393861165089595e-05,-1.580145490545504096e-05,-2.309256526472340423e-05,3.258128998699615900e-06,-3.069473276514600685e-04,1.876571766816794687e-04,-4.036719483986417160e-04,-3.843516560533052212e-05,-1.097022979651662540e-05,1.106111737632757292e-04
9.312494651388488658e-06,1.844880780314435160e-04,9.053847218512474674e-05,7.909916586392918181e-05,1.162257827696582919e-05,-5.522973719536178501e-05,-2.726448550371407339e-05,1.830969683088882550e-05,-1.172915982466005320e-04,-7.226313297115540392e-06,-6.571377432474481185e-05,9.999999999999966693e-01,6.508595468033781268e-10,2.702573634503880966e-04,-3.691299730176045269e-04,-8.857442474587227249e-05,-8.744537297002662191e-05,-8.543329440839907444e-05,-5.265988056377905041e-05,-6.468337134562943472e-05,-5.968691972780142309e-05,-1.087910098827741466e-05,2.553894277135941197e-05,1.304424244268819952e-04,-7.089205874718392778e-05,-6.517361736342968640e-05,2.270282967119015174e-04,-2.337005737755752042e-05,-8.512363332379848949e-06,3.401148022584237862e-05,-1.473785564868621088e-04,-6.583527061983576734e-06,-3.242581941011024170e-05,-1.223610274288887260e-04,-1.421083752226468466e-04,-1.134212483968266100e-04,-1.599522488774675604e-04,-3.840147541705305097e-04,3.905542193218439992e-05,-2.968377095185095011e-05,4.788494131988716796e-05,1.420578624739156489e-04,7.952372876897895149e-05,-1.302410225570460633e-04,1.050378150175734944e-04,-2.699360720369585638e-04,-7.244503465536977251e-03,-1.135950977799213930e-03,2.222763511928017334e-03,-4.150693755248021651e-05,1.409935063992236238e-05,4.255047577163141961e-05,-5.814943904742055948e-06,2.876937920690947998e-05,2.584639139589103526e-05,9.461090509622958975e-05,-3.151699601543104059e-04,-2.014257133720200044e-03,9.279343208641594029e-05,-4.863682386873873355e-05,1.031336443001401940e-05,1.177355795445162692e-04,2.747326724389818550e-04,-1.270838438521501058e-05,3.383377738339510971e-05,-4.074755650799381616e-06,8.320835246563434984e-05,1.699520043990914581e-05,6.427142127630298095e-05,2.347296460990964332e-04,-2.758653055910139626e-05,-1.953619500880988201e-05,-9.187813101719542128e-06,1.039028652423210238e-05,-5.928735370322149356e-06,-3.484966058759823111e-05,3.736397207006920149e-05,2.668145512992139526e-05,2.945588946694823731e-04,-1.638041576248051140e-04,-5.614857107144794780e-04,3.983462113325516619e-06,1.030949841877924333e-05,6.959890065469807245e-05
1.156818465360066910e-04,-6.789016220500908370e-05,1.527177131306265399e-04,1.114004834655620696e-04,-5.487452836307448047e-05,-2.384338429483509310e-04,-7.046997129308992490e-04,-1.544174554909055752e-02,-7.677180881102707317e-04,-1.246338353689028199e-09,2.702989139740686147e-05,6.508595468033781268e-10,9.999999999999983347e-01,-8.356647136904937073e-04,-8.905335499125125462e-04,1.210920591322015103e-03,-2.912148243263172013e-05,-7.316526995419043913e-04,1.124788533307878157e-04,4.152048804326028721e-05,2.394288035611185771e-05,2.095289446170731305e-05,1.008490349708467983e-04,7.860896200937403410e-05,6.247902343043698918e-05,-2.558328397736793058e-04,2.911365753187393368e-05,1.820101690062660680e-05,1.039491064868918314e-06,8.240747924912947536e-05,-1.343287529364833085e-04,-1.319189446149138158e-04,5.406192268483234328e-05,-6.465187088476004687e-05,2.383468752049947107e-05,-1.991726027454138659e-05,-4.945274106059251596e-05,7.112054033753761970e-04,2.518768532593414905e-04,1.399762211074100939e-06,2.331028055231999465e-05,-1.611196208881882888e-04,2.467361557639836923e-04,-9.116456061101068102e-05,-8.380232902170864969e-05,1.207002507522560424e-03,7.107898594681222315e-03,-8.730214083488102529e-04,-5.559846960882341808e-05,-3.083261846518981441e-04,2.247029140605952713e-05,-3.887609391264648380e-05,4.651558092454117577e-05,-3.099591158418297317e-06,6.689537531912876495e-05,7.067392515658790059e-05,2.046025869289507166e-05,7.306090004880328023e-04,-1.825710456558127595e-05,8.567842616081979695e-05,-1.153355280507986635e-04,-2.954700871375518824e-04,-6.940931062116419224e-05,-1.413261819214941400e-05,-2.441138078335602576e-05,-4.762083569134810748e-05,1.160591790131759813e-04,-1.255690884749390349e-04,-3.541168620124833348e-05,5.019888469725001428e-04,-4.567115718238986958e-05,-2.520476844728564668e-05,-5.597327259847814399e-06,-1.154105559874337263e-05,9.250978724425915623e-06,-8.553298106672524795e-05,1.445820793972475444e-05,-3.275237160334380012e-05,4.118846136844464155e-05,-5.681519416466521209e-05,8.087454448743921359e-04,2.107496119219252244e-04,-2.255970601217345377e-04,-4.804656758158475267e-05
-2.432939265774337336e-04,3.865018083225227314e-05,1.696686605285572543e-05,-4.141843740960521542e-06,-3.609177582991103398e-06,5.104870930911604380e-05,-1.064151753152694395e-04,-1.126101187133580865e-02,-1.603997066939501920e-03,-3.466318488612794672e-04,1.325483504139043738e-04,2.702573634503880966e-04,-8.356647136904937073e-04,9.999999992258674641e-01,-6.844881910553798736e-10,5.011497888696010402e-04,-4.096253065514392309e-05,1.125876443711673570e-04,3.545796177413951950e-05,2.763298738235576372e-05,-6.958213322441400279e-05,-8.521941598014885766e-07,1.056000226272960790e-04,4.079513668723992791e-05,-5.981666175335611710e-05,4.180666867268019752e-04,-4.475987131498363912e-04,4.346923320374827051e-05,1.618360320048311044e-05,-2.867463670499397879e-05,3.717684517503478184e-04,4.425925710855216529e-05,-1.984397086098773884e-04,1.611365050611197544e-04,1.473174859920921092e-05,8.103572156099771856e-05,8.277370915439098698e-05,-5.743154874564108947e-05,3.688058269952196094e-05,8.660552838862367581e-06,1.238000781542694031e-06,6.033887839748656068e-05,9.133921395821174426e-07,6.462804226130706227e-05,-2.475320201107457724e-05,-2.610817063580701120e-03,7.938343183531860331e-03,4.286175529025416930e-03,2.248499700420975933e-04,5.674531272510110417e-05,1.935920704727875710e-04,3.439652871910326240e-05,-7.061419218535997769e-05,1.356393910852855822e-04,3.970082016278134759e-05,2.326997818833288908e-05,2.394679048631653969e-04,2.314219972298645414e-02,-3.014620273621935196e-05,4.372424875981880483e-05,-1.707501960934838749e-05,-1.481251374725248279e-05,9.092655408466751468e-05,4.181551128047615953e-05,-4.897098652808182793e-06,5.964330813914984130e-05,-1.281766174369129486e-05,-1.796406525915745643e-04,-6.802640359307833231e-06,1.204874878604437344e-04,2.733259212521242312e-05,-2.615988232945338433e-05,2.651596387423783577e-07,1.924221369619373242e-05,1.946688676365959585e-05,2.328900734403383186e-05,-8.069868664415463264e-08,1.121134483526331018e-05,-2.448852176552714349e-04,-1.214186321489140342e-04,-1.781116932735839426e-04,-1.104123952573730439e-03,2.484073095887205131e-04,-2.146737502450798973e-04
-1.475100883278311896e-04,-2.399965113490040104e-05,-5.721803211648761745e-05,3.951453332399922265e-05,4.403957039430857082e-05,-5.869521707066556666e-05,2.432187773363031697e-04,-2.050822869778960722e-02,1.012336038018890084e-03,3.999608041774532926e-04,2.560986092075462394e-04,-3.691299730176045269e-04,-8.905335499125125462e-04,-6.844881910553798736e-10,1.000000000000003997e+00,2.079590539871223006e-04,-9.918722780257526275e-05,9.627833835208901092e-05,-2.561048408463752202e-06,3.378502380195398138e-05,1.088443078567376103e-05,7.301880571447948057e-05,-4.654348568593392630e-05,3.030767998761594445e-06,-3.105799399920732289e-05,1.788783246161785461e-04,8.982090061674268856e-04,-4.399982738840881022e-07,-2.349612704186504803e-05,3.426404277881541156e-05,-2.344096473161100952e-05,9.036219261755479987e-05,-6.877806294296705258e-06,-9.971576378655982661e-05,-8.864096985881529320e-05,3.593085947418294844e-05,-6.469739747040972877e-05,-9.024378109761393985e-05,-1.452184538019579707e-05,-2.272148202904242871e-05,-5.666114314611318810e-06,-8.458320597833162661e-05,-1.372023370231079673e-05,-3.097208868405165326e-05,4.246590667753001884e-05,-3.213478125137890148e-03,1.876313331943996708e-03,-3.909290792747750418e-03,-1.939484009426755383e-04,9.229529723352126666e-06,-1.794024296233280710e-04,-6.079102199601063886e-05,2.147798535544865424e-05,-4.164717732259699779e-05,3.458723258849054035e-05,4.411752631230492043e-05,4.354167002004245444e-06,-2.478351092625881522e-03,-7.244566403793089920e-05,9.904395931029253287e-05,-3.010605207436466637e-05,7.308212329925485552e-05,3.309953509409468736e-06,8.642573890282683694e-05,4.763760055277597083e-05,-1.024087545514723422e-04,-9.890012659803846759e-05,6.089086415982024824e-06,2.341384591719683923e-05,-6.823604696070596927e-05,-1.420354029072000532e-04,4.376402407124134461e-06,-1.980776396037123425e-06,2.235221463126426695e-06,1.783966695292660241e-05,-3.313239601863899778e-05,1.325100159083348540e-07,7.933177507223397693e-06,1.076434220352838218e-04,-4.825045118844628503e-05,-2.488305700454775788e-04,-5.262244429935495531e-04,-3.134335291102589762e-05,-4.641116073343417962e-04
9.743038689571015178e-06,-9.149444238180492323e-06,-3.044746472251097687e-06,5.357812222945052710e-05,5.856191357160524420e-06,3.973174596132769123e-05,-4.371880173064095904e-05,1.719329296049516842e-04,-9.798435056276692812e-06,-4.749946862898164930e-06,3.824755073317366930e-04,-8.857442474587227249e-05,1.210920591322015103e-03,5.011497888696010402e-04,2.079590539871223006e-04,9.999999997501476390e-01,1.017802065586461552e-04,1.212082983333070962e-04,3.250034822714184166e-05,-7.362853007830683083e-05,7.303685677073910908e-06,-9.450480479277959369e-06,5.822683328641044872e-05,-6.272183273843458945e-05,6.074788088881359974e-05,4.693045251872359630e-04,-6.485524480272439329e-04,4.225744832055469691e-06,-4.389499090907619805e-05,-1.120052976676848625e-04,-2.707026667490494698e-05,1.444559905232952607e-05,-8.705069413585846735e-06,-5.671605086542347643e-05,1.414702658350894954e-04,-5.656718658447225379e-05,-4.474114608085091784e-05,-1.068690498553624831e-04,6.002191074593564435e-05,1.398288145849256730e-05,1.796430331963811308e-05,-6.893581810705684738e-05,-4.316791730346523058e-06,5.150278599197675414e-05,1.780258602780468284e-05,4.623938168907785074e-04,2.346066776517159117e-03,-1.406728855381145140e-04,-1.225867823682656537e-04,2.956166719676040205e-05,-3.768801624772660265e-05,-6.680042609543020409e-05,3.338744892892023301e-05,3.670286365273071373e-06,-7.566265413810123832e-05,3.460517066983205201e-05,3.165834834523563283e-05,7.474493574202191459e-04,-8.516941855079272240e-05,-8.940841222025664933e-06,-1.874910218642401524e-05,-7.163828259221650778e-06,4.200690330463976421e-05,9.577288859491651072e-05,-9.895842382049775026e-06,2.511464693447919240e-04,-1.418396926026542059e-04,1.451239592247595585e-04,-7.777905147789913442e-05,1.497118376817184633e-03,2.011742649620854029e-04,-2.003888481821069806e-05,1.162582481264340659e-05,9.223112570001690161e-06,6.657992399923681141e-05,-1.426186140876298734e-05,-3.647669352741561875e-05,-5.108187220088580290e-05,3.717269597106208270e-04,-6.932290008082294189e-06,-2.303740839348358480e-05,-1.910296297903195893e-05,-8.463900494687912925e-05,5.747897868277947880e-06
7.729541268796214328e-05,3.827236423707518209e-06,-3.346856325112091378e-05,2.282790603420578081e-05,-4.666061653979969998e-05,-1.247895038355149627e-04,1.246051485470852402e-04,5.125858542703604775e-05,7.066347362947623945e-05,7.646911142391698418e-05,1.119022398271508553e-05,-8.744537297002662191e-05,-2.912148243263172013e-05,-4.096253065514392309e-05,-9.918722780257526275e-05,1.017802065586461552e-04,9.999999993936645737e-01,-2.790226312578136803e-05,-3.689186893962581593e-05,2.130622428486717013e-08,3.111378548975514039e-05,4.920788516219774876e-05,2.833332409690994709e-04,3.286310644031749774e-05,4.409781636482848835e-05,2.619044636589214561e-04,-2.581948232367452245e-03,7.314725971845862252e-05,8.397322371777107830e-05,1.908468503297077378e-05,6.212628793706787347e-05,1.314676221861000791e-04,-2.438968232527406743e-05,-3.518365562717520878e-05,6.966288971472101715e-05,6.038022156612532498e-05,-1.396233739944158008e-04,2.690672113606883955e-04,-2.774336928564052765e-04,-1.970449227215109533e-05,-3.639351117883302925e-05,1.485639466282127137e-05,1.008289310494877688e-05,-1.098379145962305090e-04,-3.674957181307304365e-06,-2.828445557645245479e-04,-6.692663880943668228e-04,-2.811041194958458465e-04,-9.686290353261730159e-04,1.457614648148655481e-05,7.500977285486357246e-04,-1.022869734429139935e-05,-5.842011009471459460e-05,-3.752448654327003710e-05,-4.721681301716036628e-05,-3.072039805916931647e-05,-4.519076400584780967e-05,-4.881293502949791280e-06,-2.490379670672547951e-05,5.698604944003949138e-05,-1.957572335492107490e-05,-3.436337469459720421e-05,-9.934239672858074469e-05,1.326173582487546305e-04,-1.036395389386259470e-04,-1.128174677530169030e-04,-1.776760992902515148e-04,1.525971107959544180e-04,1.622278362613856911e-05,6.425104204042315003e-05,-5.826809201227921113e-04,-8.006149074438209342e-05,3.380713773223124966e-05,8.663646765086574036e-06,5.398389758151805420e-06,3.674707251227959996e-05,-8.661299460716045625e-05,7.785286642174000322e-06,7.139531961649139835e-05,-2.859724587717462924e-04,6.319900958537516111e-04,1.419325000248401053e-07,-1.616755666253672993e-04,2.311312352264554269e-04
1.053815761492193703e-04,5.704076937741752503e-05,1.766872404108206160e-05,-2.625033556845774710e-05,5.582137596748626245e-05,6.470119066519393596e-05,3.466791003461518173e-04,5.975387294289338097e-05,4.171509842895021469e-05,-1.330224959930625950e-04,1.948713395536702270e-04,-8.543329440839907444e-05,-7.316526995419043913e-04,1.125876443711673570e-04,9.627833835208901092e-05,1.212082983333070962e-04,-2.790226312578136803e-05,1.000000000000001554e+00,4.356828093782239009e-05,2.924415989924433745e-08,-2.673197715087385884e-05,2.927769820664017280e-05,-4.813881031162078666e-05,2.556607525018815552e-04,-1.290029699100035719e-05,6.552909058950215360e-04,6.606906150613883408e-04,6.118728835480084782e-05,-4.315879121903273830e-06,2.395829431322219621e-04,1.261636647110611414e-04,-1.993616416242315059e-06,2.318037013486484721e-05,-9.305689567131944506e-06,-6.294832929314847503e-05,1.365174580067931437e-04,-8.226874322542867591e-05,-3.002539179191526884e-04,-5.297215861869855949e-06,5.524981614089859573e-05,1.872743669047608286e-05,-4.045458686719507471e-05,3.507849270546204692e-05,4.537962312266505282e-05,4.099683996941638092e-05,-5.240654249694769173e-04,3.447919960449616784e-04,-3.842585268625636741e-04,7.414862677440881532e-04,8.124783646714414231e-05,-1.675665641603983928e-03,-6.640969713015619459e-06,3.710015613697252622e-05,-3.396217669921814840e-05,1.601796481473299547e-05,1.090359412828914229e-05,3.257286731100250297e-05,-9.195843083427955068e-04,-1.019234982982536453e-04,1.291341529705828295e-04,1.656922244135205884e-04,-5.629249995308554556e-05,-2.864234929144761409e-05,-2.183531234421174369e-05,-4.863615064934229820e-07,3.845282758687857435e-04,-2.854848135899268943e-04,-6.500367283099296126e-05,7.502904613327114267e-07,7.394334950377526587e-05,-4.504145344667598045e-04,5.153159215751904228e-05,5.449592354696171099e-05,6.520804413142694683e-06,-1.101023060878044866e-06,2.025500888083588775e-05,5.152767499563865744e-05,-3.254495604566305211e-05,-5.119415519457500875e-04,-3.376407738782329256e-04,-2.775814845526443711e-04,-1.050233828519056556e-05,-1.025315281274290485e-04,-2.598956808314723671e-04
1.124562036451150215e-06,-3.450948607476166281e-05,-2.312879974066895175e-06,1.623154384983351971e-04,5.689502605738623250e-05,1.209678802296218665e-04,-3.675005399693834847e-05,-1.394983861179397572e-04,1.207433865222547198e-04,1.346426818202121900e-05,6.112981731974762457e-05,-5.265988056377905041e-05,1.124788533307878157e-04,3.545796177413951950e-05,-2.561048408463752202e-06,3.250034822714184166e-05,-3.689186893962581593e-05,4.356828093782239009e-05,9.999999999999968914e-01,6.039727426624535989e-05,1.453365640677662155e-05,1.239985943194972084e-06,1.908402332537705829e-04,-6.570865379249804690e-05,-2.341124396640359429e-05,-6.565942082016953951e-05,-4.762077282931002388e-03,6.338260137466085464e-05,-2.927633933560817858e-05,-5.970199719575056477e-05,1.520543926674354507e-05,-3.642773004137872528e-04,-3.007131364747388236e-07,-4.218159925196106330e-05,6.605193707101306524e-05,-3.766855966137240032e-05,-4.684060388644894677e-04,-1.714148343308525299e-04,-7.371322013238957487e-06,3.368919010271465947e-05,-1.630141809398535151e-06,4.169583563760543058e-05,3.611552519541692325e-05,7.538644967429516811e-05,1.540755656694959834e-05,2.867072543217506482e-04,8.442295340471562669e-04,4.014161554829489783e-04,-5.944456537884429577e-05,-1.443511451734311114e-05,9.438547405275043815e-04,2.411530601005844755e-05,7.667587119735247935e-06,9.404924793099103859e-05,2.265323885929760401e-06,-1.631204351203854861e-05,-6.182051927907964372e-05,6.917854191851994551e-04,-1.176175042176490335e-04,-6.393074154791171851e-05,-4.451309552694690660e-05,-8.432904235315001119e-05,3.262875692457709378e-05,1.399020738675427959e-04,3.249338295826517198e-05,1.601253797517071065e-04,-1.055919920173156636e-04,-1.226567370207355245e-04,4.622161710084285490e-05,5.892783864539626537e-05,-2.313475687396715074e-04,1.429328245668118634e-05,4.093901827890896730e-05,1.314204718872549239e-05,6.410407069974196080e-06,-3.886331500468977624e-05,-7.895217909129127504e-06,-1.299560518624781865e-05,-1.427162349063586678e-03,2.220538980973993425e-04,3.578725523230175815e-04,9.922000834578328151e-06,1.664750150654930368e-04,5.451967744588336138e-04
-1.048064793321553333e-04,-1.262728118052109717e-04,-5.874787874359324331e-05,3.829270678434154845e-05,-3.797957284313474048e-05,5.778847321206829514e-05,3.222185605586576351e-05,-8.588612222729802292e-05,4.581272112186979273e-05,4.542410508855219010e-05,1.641021705089964165e-04,-6.468337134562943472e-05,4.152048804326028721e-05,2.763298738235576372e-05,3.378502380195398138e-05,-7.362853007830683083e-05,2.130622428486717013e-08,2.924415989924433745e-08,6.039727426624535989e-05,1.000000000000000666e+00,-3.176354939568450488e-06,-1.383211141714578570e-05,4.928585042318850765e-05,6.337894023648882064e-05,-2.112898674483808421e-04,2.459725373606816770e-04,-7.759295447262466033e-04,-9.183212012423523640e-05,-5.364885312975423148e-05,7.318415746274467559e-05,-3.819230035792455652e-05,-8.814494968766256426e-05,-2.882729255741783977e-05,-4.833927437653570518e-05,9.766587556604613279e-05,-4.547393096154817016e-05,3.325431390335541236e-04,5.493361710867227242e-05,-5.462050797173803943e-04,-4.980705416650716897e-05,-4.196006691278448826e-05,8.754124937923707622e-05,-1.467160371608860450e-06,-3.396860251644169098e-05,-1.277791876973983319e-06,5.866360119010021823e-04,-8.448467661459039971e-04,-3.306018701737826679e-04,6.845269732634391051e-04,-1.451283069669258470e-05,2.279536787756956864e-03,-5.238693396297914890e-05,-4.137612418266549852e-05,2.215983142953732507e-05,8.184892501061203198e-05,8.168923097701553254e-05,-2.570976876023131630e-06,3.932673751442018230e-04,1.193549965460549960e-04,-5.280361379004713807e-06,-2.544146277428781938e-05,-8.309405700691451652e-05,-4.569131756464045062e-05,-1.807391979856645572e-06,-1.069956268144857609e-04,-9.180998519309388191e-05,-8.457240755795178595e-05,-3.385950146000201062e-05,6.243197765346333861e-05,1.657619252361590976e-03,1.450234267052910933e-05,2.808365466414251247e-05,-2.064219798107154262e-05,7.172104098832339205e-06,4.729369259549690040e-05,2.698818884331707205e-05,4.974462012125244057e-05,-4.571754350107446428e-05,-3.989085333328129274e-04,1.915453825964479008e-04,2.950870404240762794e-05,3.581704605717141165e-04,-3.219756081760595957e-04,2.321166565841204996e-05
1.968703823558998008e-05,-1.035586150115272604e-04,-7.271739545922842188e-05,8.842294951429258539e-06,5.666690177223206458e-05,-1.351093039860849581e-05,9.140205887032964863e-06,3.192217765030390858e-05,6.511470975406429804e-07,3.276573966156184643e-05,1.746003637465828577e-05,-5.968691972780142309e-05,2.394288035611185771e-05,-6.958213322441400279e-05,1.088443078567376103e-05,7.303685677073910908e-06,3.111378548975514039e-05,-2.673197715087385884e-05,1.453365640677662155e-05,-3.176354939568450488e-06,9.999999999453623722e-01,-1.887433337971561232e-06,-1.741672893630057936e-05,-9.232987008390667347e-05,-4.913960229958979199e-05,-7.886787833298365832e-05,-2.287031418529334817e-05,-2.189808203164310825e-05,1.303014929991291790e-05,1.414289829154630532e-06,-3.748552850023817223e-05,3.490812500852487343e-04,1.426589053449018457e-05,-1.970953952451027016e-05,1.049392029526721032e-04,2.511260530249441979e-05,-1.685657831576488352e-04,-1.728062356359154686e-04,7.031096725166317320e-05,7.247716362984410780e-05,1.997375495250214501e-05,-7.758431915124618323e-05,2.753809415684336636e-05,4.246978859755119523e-05,1.131960237715855895e-04,6.016755729898418548e-04,-3.205780376928839899e-05,4.286340787411025896e-05,-1.034370510269710930e-04,2.625863277415611677e-05,-1.604267933821833269e-04,2.455294536836315970e-05,-7.894811230962919747e-05,1.116424591613947369e-04,-3.271074224595539546e-06,-1.156266432923565383e-06,2.672199441585518552e-05,-4.277606628661699507e-05,1.837993860882670494e-04,7.555409064909025980e-06,-1.451572889765151815e-05,-2.208987449730517513e-04,2.419238463401208235e-04,1.038832166551430258e-04,-5.312692244194337863e-05,5.928428874793102558e-06,5.764683336115456261e-07,6.379602546299702366e-05,-2.018971233596858172e-05,2.759210771607386307e-05,-1.432630004543815618e-05,1.107085480247143244e-04,7.791681637975037228e-05,7.788821671822200544e-05,3.715637705519508525e-05,7.460810379709097292e-05,3.370378818302356016e-05,-3.809364354200128029e-06,1.665070654502279028e-05,-1.321469880140584033e-04,2.528162661232152830e-03,-2.608661533492852291e-03,3.576727076285472979e-04,3.233243753291235173e-04
-2.700281713346427596e-05,-7.260859722245266456e-05,-5.394696377470464376e-05,3.711792979133766307e-05,2.806007795616005719e-05,-3.002232775958985946e-06,-4.220479082260726703e-06,8.440530799068121285e-06,-2.462781887543211628e-05,-2.352470124484423616e-06,1.988943869630629418e-05,-1.087910098827741466e-05,2.095289446170731305e-05,-8.521941598014885766e-07,7.301880571447948057e-05,-9.450480479277959369e-06,4.920788516219774876e-05,2.927769820664017280e-05,1.239985943194972084e-06,-1.383211141714578570e-05,-1.887433337971561232e-06,9.999999999999980016e-01,9.332683724530923576e-05,-7.069364577467137658e-05,5.421903389765565524e-05,-1.939184442470414250e-05,7.924798401290832853e-05,-3.499865621030773743e-05,2.341298996886781930e-05,1.275135475221908315e-04,-2.124429049995841395e-04,3.425194744111775564e-05,-5.621389967385196328e-05,1.192038951079738701e-04,-5.823953346388555628e-06,-1.711312030677064611e-05,-1.052103868477167331e-04,1.597315057730638171e-04,-1.068523650817914034e-05,6.944163012882990785e-05,3.816861317004282097e-05,1.261113407057664010e-05,-3.631437785882930022e-06,1.040314959389531605e-04,7.201788942315544479e-06,-5.100073165324153887e-05,-1.318932740160669228e-04,-3.180349609246805632e-05,3.600916964662046870e-05,-1.804046657957174163e-05,-6.392795372315761770e-06,-7.307532751429388432e-05,4.341864714820379612e-05,5.977614533280127269e-05,3.291580201792365049e-05,-1.648261259231054631e-06,-9.043201452704822908e-05,3.188648844172113704e-06,7.268663639303611645e-06,-3.513986053760450277e-05,6.975543055768085635e-05,1.046087592217154021e-04,2.169649454779481491e-04,9.202405913531829049e-05,-6.543859072971792848e-05,-9.071701873162506214e-05,-5.117351697748667781e-05,1.942926571600718457e-04,2.487610001120923141e-05,-5.988057044069653307e-05,-2.526829965063921783e-05,1.803606839703783148e-05,5.851875703065052608e-05,-1.489012357084380138e-04,3.597176865303381246e-05,4.392744017049509964e-05,-1.154451820060026188e-05,-1.756215395936932725e-05,-2.372038380840303011e-04,1.306109182932174793e-04,-1.127997388441392707e-03,2.901857386412910224e-04,2.119287977802998373e-04,-1.218516223182146158e-04
-8.909947008653503150e-06,2.382134886129144222e-05,2.893260175942536375e-05,7.908471166076287576e-05,-2.589796551506867616e-05,7.513814537577280549e-05,-1.127144238215911598e-06,-6.273313321340887472e-05,1.197777106615281078e-04,-1.876190966209133717e-04,4.614274743632782979e-05,2.553894277135941197e-05,1.008490349708467983e-04,1.056000226272960790e-04,-4.654348568593392630e-05,5.822683328641044872e-05,2.833332409690994709e-04,-4.813881031162078666e-05,1.908402332537705829e-04,4.928585042318850765e-05,-1.741672893630057936e-05,9.332683724530923576e-05,9.999999999999981126e-01,6.870423871329510416e-06,7.178240941071772820e-10,9.618429842329526030e-06,-2.860299188452397850e-04,1.205466333589090211e-05,-5.733299925467309202e-05,-1.590632511052377499e-05,4.950565750163954046e-05,-9.530621010839289507e-05,1.102727235067292632e-05,1.458419024901783350e-04,-1.979809706228850700e-05,1.507795698874850765e-04,9.648588511310639271e-05,-7.176226325301265918e-05,-6.874087395543054932e-05,9.150343443664907077e-05,4.685365608629348184e-05,7.594458806535986600e-05,-4.073242352654899833e-05,-1.157181543239191280e-05,5.955103386640717573e-05,2.852515437639240622e-04,8.854781988979186242e-04,-1.090457639628897996e-04,-2.647454715987751685e-05,-1.388122258766744762e-05,3.462505364313518940e-06,-3.348318937513191350e-05,1.873835203181513557e-05,1.919817754526717920e-05,6.143099173319148593e-05,-2.959941631220761008e-05,1.316419432503035909e-06,-1.641190089889091775e-04,5.497743011057946202e-05,-5.603854182746300424e-05,-1.196984098673654212e-05,2.745132139602365781e-05,8.553725747711981610e-05,-8.954200085998697200e-05,3.803303066027730224e-05,6.292479479019883349e-06,-1.305979565461685640e-05,3.440397849484050797e-05,-2.165905035034047799e-05,-2.866745165971703080e-05,-4.309335203155622276e-06,-8.178366223349472553e-06,-6.995882392641075069e-06,1.160312406868236083e-05,2.855228776614236481e-04,-7.239822712203905150e-05,8.859580563643667367e-05,-1.233497171550374774e-04,3.737935685696569359e-04,2.134653588132665644e-04,-6.774851120136104327e-04,1.722370356095749111e-04,-1.645989085540277598e-04,5.901565919107758110e-04
1.119550624250265073e-05,6.689364859183401994e-05,-1.245884265132254204e-04,2.242857522454489268e-05,9.636960904965159854e-05,-2.390267803527675099e-05,-5.865551538551806276e-05,-1.169805995208797261e-04,-2.030426990507343366e-05,6.219507484619938458e-05,-6.993610792492513004e-05,1.304424244268819952e-04,7.860896200937403410e-05,4.079513668723992791e-05,3.030767998761594445e-06,-6.272183273843458945e-05,3.286310644031749774e-05,2.556607525018815552e-04,-6.570865379249804690e-05,6.337894023648882064e-05,-9.232987008390667347e-05,-7.069364577467137658e-05,6.870423871329510416e-06,1.000000000000000666e+00,-7.695763143633843964e-10,-2.250509771282413517e-05,7.559797750453791669e-06,-6.747160594174650438e-05,8.209975182537013606e-05,2.547988858251193069e-05,3.336104245140261715e-05,2.773890366688895603e-05,1.165659324851484703e-04,-4.158720034764542238e-07,1.498156595226851368e-05,6.279728870226374405e-05,-8.403766950253882539e-06,1.452392273245048382e-04,-4.510682463269060147e-05,1.001785470681292706e-04,-3.623932538168751896e-05,-1.639949735583762930e-05,3.701454732028754309e-05,3.544376074697307220e-05,8.175582525903505129e-05,1.189206815446932470e-04,-9.174024662127012531e-04,-1.683822259000781725e-04,-8.494821527902962936e-05,2.385721390886289797e-05,-5.445064527832906996e-05,1.598479053685276420e-05,3.095173053796129660e-06,7.629715483014682309e-05,-3.302952771186553694e-05,2.507644421538190443e-05,-1.117135574750624023e-05,6.928958822360428596e-05,6.642346667224622702e-05,-1.099567521416772915e-05,-9.281013427921700528e-05,-1.164738033001238692e-04,1.838408694947475793e-04,-2.132003796517605281e-05,-2.067044728629420177e-05,-9.729026470517258829e-05,1.439328117044838366e-05,-3.232285964371663686e-05,-5.686341673071071781e-05,3.731760881981140067e-05,-8.786313774988962892e-05,-6.549456727707952486e-05,-2.455693128389285697e-05,1.152545079197635311e-04,-8.760674962605796538e-06,6.913472305169910000e-05,1.292752447564418238e-05,-9.833301411544121936e-05,1.386275776439373751e-04,9.461934004086265150e-05,-2.252253200852661393e-04,-5.266158321388741091e-06,-1.984025985917476503e-04,-1.817281465093788803e-04
2.740767071370089788e-05,3.611376411249070650e-05,1.241418598107652387e-06,5.425601456876191775e-05,2.513785737381381123e-05,4.811981151942047437e-05,-1.290178267063439674e-04,-2.191765094310487946e-05,-7.259629207370157640e-05,4.209070530749789012e-06,1.511935157940700399e-04,-7.089205874718392778e-05,6.247902343043698918e-05,-5.981666175335611710e-05,-3.105799399920732289e-05,6.074788088881359974e-05,4.409781636482848835e-05,-1.290029699100035719e-05,-2.341124396640359429e-05,-2.112898674483808421e-04,-4.913960229958979199e-05,5.421903389765565524e-05,7.178240941071772820e-10,-7.695763143633843964e-10,9.999999999999980016e-01,-5.367389432452647556e-05,1.137616724752798722e-04,-1.416409975995104110e-05,1.610165851126762375e-05,-3.627210251596883913e-05,-1.001992526223046201e-04,-2.579927681012285281e-05,-2.846311683004292903e-05,-5.295662948261786393e-04,-9.239537237577919067e-05,-4.805839861780252312e-05,1.623512322591800464e-05,9.408583772151860990e-05,1.016871253966897536e-04,5.845895561243924843e-06,3.040766771493388668e-05,1.743248873417925119e-05,2.270055372421456470e-05,-3.281980292126889941e-05,-7.097745712476376884e-06,3.610612576157317300e-04,2.199378992516845554e-04,-1.541161987488899176e-04,-5.102351572479427990e-07,-2.332813945982491140e-05,-2.822469795031061685e-05,8.827027678918492211e-06,6.367695649527594618e-06,-1.948425802526006838e-05,7.821374118632862563e-05,-1.858261595989205248e-05,-1.560545211739544302e-05,-3.677594565990895386e-05,-1.252489344684729836e-05,1.077545951635428781e-04,1.599439709333355859e-04,5.420580842025178895e-05,-1.731307618378008430e-05,-9.812275996446457487e-05,2.699265611240056354e-05,9.489711602676962276e-05,-3.099522662957923593e-05,-9.025330643389458058e-05,7.022527201436322246e-05,-4.548330259824273918e-05,1.393588118310984565e-05,-1.199446147102666861e-06,-3.685541372465622118e-07,9.452408107236661208e-06,3.048221739665220450e-05,-1.355575704805684007e-04,-1.197152872298680925e-04,1.092647709983300900e-05,5.641299359900702051e-05,1.976842573152913615e-04,-1.058638653233566831e-04,-1.442884245718478297e-03,-2.215432807188603102e-04,-8.856639349549410168e-05
1.281919686337665794e-05,6.669146272310615825e-06,-2.929318149741444758e-05,-1.094580690808877603e-04,2.430308301393253184e-04,1.025811414264626896e-04,9.170911190401094537e-06,-5.078666398968179800e-05,-5.062240783379386719e-04,-2.045936985556902734e-04,-3.771966752591237617e-06,-6.517361736342968640e-05,-2.558328397736793058e-04,4.180666867268019752e-04,1.788783246161785461e-04,4.693045251872359630e-04,2.619044636589214561e-04,6.552909058950215360e-04,-6.565942082016953951e-05,2.459725373606816770e-04,-7.886787833298365832e-05,-1.939184442470414250e-05,9.618429842329526030e-06,-2.250509771282413517e-05,-5.367389432452647556e-05,9.999999902278248198e-01,-9.803216773310781146e-05,-9.567359539401127820e-05,2.075574443693772647e-05,-2.114762331355512755e-05,3.109174291671234071e-04,1.723436301752778862e-04,-7.816354827573445503e-06,5.355874135205048597e-06,-7.440259870644444409e-04,-2.747117345279359991e-04,-4.776568846236672015e-05,3.190836827664229425e-04,3.482343183719799947e-03,1.242166009942159732e-05,1.610083154556841040e-05,-1.351048211022699739e-05,3.263487452448465468e-05,8.783292094951247384e-07,1.031847248268916563e-04,-1.151239731263982717e-04,1.118200160612962783e-04,6.854507783261919000e-04,7.877886722303323666e-06,1.638179871744065846e-04,-7.236336186722492833e-04,-2.015761789446857252e-05,1.856269986404993904e-05,-5.813202897686158514e-05,6.636614749896506602e-06,-6.054879434246610232e-06,-4.195583012061174314e-05,-1.430972704948958664e-04,7.724847713260358508e-05,-2.928525956126087340e-05,-4.146581112008547579e-05,-7.679843128055137077e-05,4.418659635203105738e-07,1.076710875741960702e-04,-2.043864694373094234e-04,6.405510910597042920e-06,5.398167059590974510e-05,-7.070931106712978107e-05,-1.643685490015957262e-04,2.668682542323469464e-05,1.648636709329966837e-02,9.921672968827344940e-07,-3.696795108453284975e-06,6.993993107536953624e-06,3.404154987311595294e-06,-7.691305258899594315e-05,5.519256430078268767e-06,1.330422636882980892e-05,-3.901258591952139546e-03,6.642504014565438078e-05,-1.753594085138188412e-05,-1.240150653899007942e-05,-7.616929899737934098e-05,8.499227673429968948e-07
3.516537997486732535e-05,-1.437588499699036116e-04,5.374087315879476270e-05,-1.113589567287647745e-04,-3.069555439124293150e-05,-6.317636046918245014e-05,-1.234982680818922859e-05,-2.024930411487494612e-04,6.482531045375622024e-04,3.644699658849909901e-05,-2.733630768771220642e-05,2.270282967119015174e-04,2.911365753187393368e-05,-4.475987131498363912e-04,8.982090061674268856e-04,-6.485524480272439329e-04,-2.581948232367452245e-03,6.606906150613883408e-04,-4.762077282931002388e-03,-7.759295447262466033e-04,-2.287031418529334817e-05,7.924798401290832853e-05,-2.860299188452397850e-04,7.559797750453791669e-06,1.137616724752798722e-04,-9.803216773310781146e-05,9.999999999999934497e-01,-4.398027846607086293e-05,1.509222174483097409e-04,2.357367729130178431e-05,8.751514714041260315e-04,7.760734038832627253e-04,-2.637344305307458801e-06,7.735066765428722652e-06,2.589315319711844475e-04,-2.237211843251083669e-05,-2.137642005080743045e-05,-1.600936842112244752e-04,-1.294188079099790455e-03,-1.516465232111228014e-06,1.888409370963100832e-05,-6.530938013255680103e-05,-7.056472396291187414e-05,9.986773649707479119e-05,-1.273000868763518741e-05,4.285738292067377969e-05,2.304007009824094072e-03,-2.169191508119398283e-04,5.673392439608311751e-05,7.519171264942434152e-06,6.355512752582309632e-05,3.241087448531220329e-05,-1.232046654910257794e-05,-1.143877809629496209e-05,7.150549942796972458e-05,-2.585452400906662054e-05,-4.820244750570745480e-05,-6.640344607211899099e-04,-1.087256965773957809e-04,7.922520761216644630e-05,7.155764962343346238e-05,2.021336613353235783e-05,-1.182385978005994092e-05,5.106269385713732090e-05,-4.272779890897819696e-05,1.096459226077164733e-04,-1.148957517510834517e-04,2.555039108250781979e-05,-1.272271641069430887e-04,-4.571683474665120357e-05,-1.368793792945188076e-02,-9.929811196627698583e-06,6.617477850738963732e-05,-7.835126171016904153e-06,7.940595891293399789e-06,-6.272883953734987672e-06,7.355147183490242182e-06,-5.130755127699336267e-06,7.509909276580909593e-04,5.017937681777483519e-04,-1.009687799862056578e-03,-1.222632546294760106e-04,-4.044354344117457380e-05,-3.481575450826867988e-05
-3.106351325566664319e-05,-2.569346294120153696e-05,9.279909406587182193e-06,1.152361532355249829e-05,-9.920064042519556699e-05,8.655272286338656061e-06,-1.262484456260089141e-05,9.757577591359349427e-05,-1.059368391988034898e-06,-3.539027213383248878e-05,3.679094057656257069e-05,-2.337005737755752042e-05,1.820101690062660680e-05,4.346923320374827051e-05,-4.399982738840881022e-07,4.225744832055469691e-06,7.314725971845862252e-05,6.118728835480084782e-05,6.338260137466085464e-05,-9.183212012423523640e-05,-2.189808203164310825e-05,-3.499865621030773743e-05,1.205466333589090211e-05,-6.747160594174650438e-05,-1.416409975995104110e-05,-9.567359539401127820e-05,-4.398027846607086293e-05,9.999999999638673476e-01,5.820002401530065147e-05,-4.461548541404827730e-05,1.582067481518318914e-04,1.200887588048280734e-04,-9.152808975714606023e-06,1.657594109424356213e-04,1.678985162624599577e-04,3.313793711749252408e-05,5.159945175460051636e-05,9.810034465636768104e-05,4.522454860512581111e-05,-7.800110865607566058e-05,1.342217725170460749e-05,5.070959211969310558e-05,-2.852435626659299546e-05,-1.239762805935006170e-04,9.467393402243864952e-05,1.003780172457992888e-03,1.354628329710634745e-03,-1.695461412936134175e-03,2.801955463996110051e-04,1.521532479686657339e-04,-1.474627456478451502e-04,-2.412266626127753012e-05,-2.956391675322127727e-05,1.221997233479932385e-04,4.276451625903232877e-05,1.097133687409719452e-04,8.633535103425643770e-05,3.855210159238836283e-04,-5.616913394349692945e-06,-9.152283359723965232e-05,3.785199815642772449e-05,-4.294088501170193611e-05,-2.151359547091723744e-04,8.221307909900258293e-05,-5.604653196788778871e-05,-2.626146119200940127e-04,-1.325537099826573986e-04,-3.082790909689474973e-05,-6.610397653370619388e-05,7.402339651401302224e-05,-4.500751576919991372e-04,-4.497143614136308996e-05,1.219442724919328163e-06,-1.152917823664948495e-04,-4.861575193380240835e-05,6.622135023394078878e-06,-1.026129543824729390e-05,-2.584115291771897280e-05,3.404023440818302595e-04,-1.015277273184502773e-04,-1.761981828299265685e-05,-1.791245561176917338e-04,1.420026187377251316e-04,1.757714669670404155e-04
2.996458097652814011e-05,-4.680409735784204491e-05,2.599622244415762681e-05,-5.803860087594188725e-05,-1.164873563652984881e-05,-6.293433087996844807e-05,7.838429229566862646e-06,-2.810942165050117430e-05,-4.537583463103442944e-05,-4.172847003238032464e-05,-4.457034403302566165e-05,-8.512363332379848949e-06,1.039491064868918314e-06,1.618360320048311044e-05,-2.349612704186504803e-05,-4.389499090907619805e-05,8.397322371777107830e-05,-4.315879121903273830e-06,-2.927633933560817858e-05,-5.364885312975423148e-05,1.303014929991291790e-05,2.341298996886781930e-05,-5.733299925467309202e-05,8.209975182537013606e-05,1.610165851126762375e-05,2.075574443693772647e-05,1.509222174483097409e-04,5.820002401530065147e-05,9.999999999999941158e-01,-4.668004639443666648e-05,1.447825608690340342e-04,-1.749448229449697217e-04,1.491061128786793093e-05,1.161405585953913331e-04,-8.991196562787350595e-05,-7.659395632442678355e-05,1.446470140189700391e-04,-1.217040517358015548e-04,-1.114311564154281739e-04,9.813253303987410275e-06,-8.300432456631137474e-05,-3.032778014333572495e-05,1.673623677801499096e-05,-4.265482601718827182e-05,-1.317734057861365721e-05,-2.869303728133416323e-04,-2.214227789014413736e-04,-1.191034828171856283e-03,-9.788920673797882506e-04,-1.541873520570161685e-06,-2.396780112219891630e-04,-3.975891288970060153e-05,-4.419017318012106359e-05,6.727434548860966514e-05,4.446962101883930975e-05,-1.431223975012189823e-04,-1.189755370461467894e-04,-1.281881325250651404e-03,-3.699335222288207582e-06,1.437663586248529371e-04,3.808054134095796919e-05,6.652268445491316823e-05,-1.502356940908996380e-04,1.402389101885333157e-04,-5.363646147084329488e-05,-2.626534985349310639e-05,7.963961223264202569e-05,-2.055189327402912741e-04,-1.161033021234727201e-04,-2.955861803242171727e-04,1.240497389651691032e-03,-1.456213690142155878e-05,-2.340809977533390643e-05,-4.696531962295782926e-05,2.465930151759283058e-05,8.016795810426613792e-05,1.298193196493953029e-05,1.034466256465537554e-04,-1.405353288324341643e-04,-8.100220519895356735e-05,-3.259277270615335356e-04,-1.809666741160969976e-04,-3.057549212317098807e-04,6.992194273144477167e-05
4.072614357115599741e-06,-4.271425599683430408e-05,3.194373028474093253e-05,2.692202643895622597e-05,-6.022044311342170412e-07,2.287520833962609269e-05,-5.941790226565894588e-06,-2.737525447468631143e-04,7.733614106330422559e-06,1.180541732112700594e-05,-7.149588331643448830e-06,3.401148022584237862e-05,8.240747924912947536e-05,-2.867463670499397879e-05,3.426404277881541156e-05,-1.120052976676848625e-04,1.908468503297077378e-05,2.395829431322219621e-04,-5.970199719575056477e-05,7.318415746274467559e-05,1.414289829154630532e-06,1.275135475221908315e-04,-1.590632511052377499e-05,2.547988858251193069e-05,-3.627210251596883913e-05,-2.114762331355512755e-05,2.357367729130178431e-05,-4.461548541404827730e-05,-4.668004639443666648e-05,1.000000000000003553e+00,-3.219711766846122781e-05,9.551631991948780428e-05,-1.771822543328890035e-05,-9.123573718884011295e-05,6.230439545989232284e-05,-5.488126849056268724e-05,-6.458787933049072913e-05,-1.411016114127167098e-04,3.766806806118549122e-04,-6.619735394237168482e-05,-6.992601641791794983e-05,4.411081501927736426e-05,-1.021877778611802556e-06,-5.534356073713083272e-06,2.697673518316467912e-07,8.352523258446873104e-05,-1.171632832959044763e-03,2.298989169940487010e-04,-6.121781727619396343e-04,-7.618146758337721730e-06,-1.861636543124751183e-04,-4.215821923317149159e-05,2.642530752609190440e-05,5.871999923971454313e-05,-1.037883601467480934e-04,1.545186633181577524e-04,4.438992733627975131e-05,-1.694500409392161273e-04,4.663571687262436233e-05,6.545095293617516491e-05,-6.727096895584646491e-05,2.379159614454399736e-05,4.701069067331316406e-05,1.912293239784565923e-04,-1.286427926867460964e-05,-1.270944476208230435e-04,-7.995280048490177593e-05,1.066902286989889967e-04,2.297732088430565200e-05,2.188438995226845069e-04,1.512485539549731327e-03,3.503900355827708720e-05,2.355559623795251486e-05,4.131336604923861158e-05,-3.011023734670249089e-05,-1.822250969227787469e-05,-1.798708081151891025e-05,8.690273796061682488e-06,-2.330223516905176838e-05,1.584991096595517315e-05,-1.016254931464055915e-04,3.541864316603204844e-04,-6.747002948172199817e-05,1.829351137528828280e-04
3.437663122312712349e-05,8.218515981147007411e-05,1.144103111960650352e-04,1.725775855800060730e-05,-2.305092830627263598e-05,-1.435256582378498930e-05,-1.631244316367353928e-07,6.526502377234282438e-04,2.881628821924425883e-04,-4.759484771799869481e-05,-1.117147294301527351e-04,-1.473785564868621088e-04,-1.343287529364833085e-04,3.717684517503478184e-04,-2.344096473161100952e-05,-2.707026667490494698e-05,6.212628793706787347e-05,1.261636647110611414e-04,1.520543926674354507e-05,-3.819230035792455652e-05,-3.748552850023817223e-05,-2.124429049995841395e-04,4.950565750163954046e-05,3.336104245140261715e-05,-1.001992526223046201e-04,3.109174291671234071e-04,8.751514714041260315e-04,1.582067481518318914e-04,1.447825608690340342e-04,-3.219711766846122781e-05,9.999999981813401106e-01,8.419572049146099683e-05,-1.142543158524911284e-05,4.387086024429664999e-04,-5.720405796457578296e-05,9.078264774628475031e-05,-1.608657081839659497e-04,2.902755179787774864e-04,7.559128723546611325e-05,7.108060951671031451e-06,6.497035515249326675e-06,-1.241686816798073497e-04,-8.849757646931682466e-05,8.952968314969618480e-05,3.409104853385335095e-05,-1.685646331677079744e-03,-1.851332337772309405e-02,-3.426619587450992037e-03,3.806125440243767269e-03,-1.206036601502562342e-04,1.251579207896342182e-04,2.886556429623765574e-05,-4.844398074203316862e-06,-2.957534393859613704e-06,1.002488725982911971e-04,2.516286137011648077e-04,1.165775571712564847e-04,-4.016559892502187881e-03,-9.259338651827981118e-05,8.825082845738364476e-05,9.074600410519410507e-05,6.988933479828231309e-05,-4.760241648712381030e-05,-6.068227041462585791e-05,5.891714578256518342e-05,-1.123879924222149704e-04,6.454356381773254138e-05,3.320019232861811873e-04,1.644960422564926625e-04,-3.483299009228661269e-04,1.567161501085228832e-04,3.321300594622056873e-06,1.235549393295264030e-05,2.368866452593470747e-05,-5.466985947046773791e-05,-1.004457504807506420e-04,-3.832235183214537100e-05,1.853147274866820754e-05,-3.538989961561083450e-04,5.691736506769140623e-05,5.383395437334583065e-04,7.201444844239884803e-04,-2.888797045274572851e-04,-1.951798468103123514e-04
-1.649778287047459551e-04,5.041894877381745488e-04,-1.669295156735263008e-04,5.229019839375682898e-05,1.157076906572584302e-06,2.427062974972847586e-05,1.480962735951279743e-05,2.646152301701403583e-03,-5.966021464522445420e-05,6.160170790454064585e-05,-8.802203915883973677e-05,-6.583527061983576734e-06,-1.319189446149138158e-04,4.425925710855216529e-05,9.036219261755479987e-05,1.444559905232952607e-05,1.314676221861000791e-04,-1.993616416242315059e-06,-3.642773004137872528e-04,-8.814494968766256426e-05,3.490812500852487343e-04,3.425194744111775564e-05,-9.530621010839289507e-05,2.773890366688895603e-05,-2.579927681012285281e-05,1.723436301752778862e-04,7.760734038832627253e-04,1.200887588048280734e-04,-1.749448229449697217e-04,9.551631991948780428e-05,8.419572049146099683e-05,9.999999999999986677e-01,5.794190895788697837e-05,-2.361806997379367612e-05,1.747374905490539643e-04,9.285926614061024154e-06,3.922113399668081257e-05,2.893114573073174434e-04,-1.914429707398339494e-04,2.655556859558613411e-05,3.262690586341994274e-05,3.317041652604716968e-05,-7.560351099215947563e-05,5.950534993654876641e-05,-8.039622036399435290e-06,-1.805791958009984877e-03,-3.953165281569132397e-03,4.680546117036428130e-03,1.661169871384449506e-03,-1.417350565403589671e-05,-1.064553028691818653e-04,6.298934474560733549e-05,-1.716644314404477956e-06,-1.322644752114552485e-04,2.539557744693022104e-05,2.420005578698751058e-04,2.819854034701199490e-04,-1.260021183954473673e-03,-1.088896271145885913e-04,-1.738742351711543288e-04,2.672707583379581374e-04,7.902718518955467774e-05,-5.285876766752427617e-05,1.348903012032918319e-05,-5.918852678472516504e-05,1.117264982783677113e-04,4.080589717914487324e-05,-1.210757223681383984e-04,1.132509944480378206e-04,-4.304272537576107671e-05,-2.210947071811329018e-04,3.344992631128148848e-05,7.398453283374234002e-05,3.515650431527053395e-05,4.862352186673114265e-05,1.586637821072466644e-04,2.719173963012285877e-05,4.087266510414836254e-05,2.893474529314000879e-04,-2.640016662159533171e-04,3.243743086834167131e-05,4.291664530366994402e-04,-1.622431238030281166e-04,-7.379519664013059130e-06
1.070036950539658715e-04,-5.282541257601424268e-05,7.218748299522967284e-05,6.084710306203822833e-05,-5.372583542932843651e-05,-6.964854139949371243e-05,2.891173378634989835e-06,8.794158180640504561e-05,9.236015013974079903e-05,1.353937441778707302e-04,-2.843902369069849483e-05,-3.242581941011024170e-05,5.406192268483234328e-05,-1.984397086098773884e-04,-6.877806294296705258e-06,-8.705069413585846735e-06,-2.438968232527406743e-05,2.318037013486484721e-05,-3.007131364747388236e-07,-2.882729255741783977e-05,1.426589053449018457e-05,-5.621389967385196328e-05,1.102727235067292632e-05,1.165659324851484703e-04,-2.846311683004292903e-05,-7.816354827573445503e-06,-2.637344305307458801e-06,-9.152808975714606023e-06,1.491061128786793093e-05,-1.771822543328890035e-05,-1.142543158524911284e-05,5.794190895788697837e-05,9.999999997390307538e-01,7.484451192367892053e-05,-6.024526357606418969e-05,2.138632440445986660e-05,-1.930613309454251580e-08,-2.072708795656380554e-08,3.535951255101679649e-04,-3.261892524430561545e-05,7.529911032538416215e-05,6.577270456282601624e-05,-2.771132594507185604e-04,4.657869429569014069e-05,9.324919060148327381e-05,2.945629840800595770e-04,-2.858122552786959703e-03,-8.746036275715726727e-04,7.984134541122412873e-05,-4.098784319396096848e-05,-2.130186725115718071e-04,1.162068825699517916e-04,-4.638608082438867158e-05,3.490305794343604752e-05,4.002341003176063984e-05,-3.093034420333703322e-05,1.031063081202753320e-04,1.274892819525063822e-03,1.403158716291833815e-05,1.444227840698303908e-04,-8.807153878902227221e-05,-1.760969083792643212e-04,-1.717038416045035820e-05,5.417235119074999272e-05,5.156214415996370273e-05,-2.060084454938785866e-04,-1.568063365137289944e-04,-5.451521333709862666e-05,4.161852122747317691e-05,-2.479446628335337703e-04,-1.283215525646683175e-04,-2.051106502989987520e-05,6.649906464741433567e-06,-1.082936791781905503e-04,1.257427560664436408e-05,-8.181834042799192980e-05,1.083133363872305888e-04,-5.129253888305334306e-05,-1.003402130868761384e-03,-1.891456414254772864e-04,1.527613257492545663e-04,-9.559889143856002865e-06,-1.593361636388430295e-04,6.469484479677191260e-05
3.048148756679487821e-04,-3.160157249586568020e-05,2.127514856693088160e-05,4.281026227751368415e-05,-7.572320522983007167e-06,-4.116354904243058055e-04,-2.007590665749245081e-05,5.272468427248866592e-05,-3.459206365688234728e-05,-2.510127316300185063e-05,4.200214238983942736e-04,-1.223610274288887260e-04,-6.465187088476004687e-05,1.611365050611197544e-04,-9.971576378655982661e-05,-5.671605086542347643e-05,-3.518365562717520878e-05,-9.305689567131944506e-06,-4.218159925196106330e-05,-4.833927437653570518e-05,-1.970953952451027016e-05,1.192038951079738701e-04,1.458419024901783350e-04,-4.158720034764542238e-07,-5.295662948261786393e-04,5.355874135205048597e-06,7.735066765428722652e-06,1.657594109424356213e-04,1.161405585953913331e-04,-9.123573718884011295e-05,4.387086024429664999e-04,-2.361806997379367612e-05,7.484451192367892053e-05,1.000000000000000000e+00,-1.286479958563513382e-05,-1.871739724323973064e-08,1.799675047008120199e-09,-5.798311858862953416e-09,-1.764712461579962606e-04,1.641939981657785524e-05,-2.011997231635732637e-05,-5.345357112338847659e-04,-8.821797762617879473e-05,3.889750162902410290e-05,-9.448066165047733049e-06,2.218214356139456070e-04,1.214600864161744041e-03,-3.054534830617371133e-04,-6.050013775774436796e-04,-2.579681876524683330e-05,-1.541154912992513605e-04,7.318847787498189992e-06,-7.953220137603585205e-05,1.248784316416508408e-04,1.470854633515263424e-04,-9.490556011813528273e-04,-9.006140282537180436e-05,2.069179582474131411e-03,-7.022069808476335065e-05,2.255923637592936737e-05,-1.774647652022206049e-05,3.387733837292850048e-05,-1.254054240728804184e-05,-8.602854335796467078e-05,3.028227156769147665e-05,-9.430018265760232912e-05,8.043886223249802417e-05,1.242642602481535546e-04,8.966034349297004845e-05,3.439139572965084469e-04,-5.661063529189727227e-04,3.096928432468706611e-05,-3.764650007282611689e-05,1.578061794259085653e-05,-1.403622868769504131e-05,-2.643036953864736575e-05,1.238399956803388146e-04,6.864269886400629537e-07,1.871260265119150832e-04,-1.342008227079672452e-04,-7.144649539675711116e-05,1.862503929313236281e-04,2.315743484421006011e-05,-3.146312774159727927e-04
6.820693471850370585e-05,5.491405302649917644e-05,-9.124160189640775822e-05,-1.172309962316185763e-04,-8.926632272961056852e-05,-5.050836811821245165e-05,-1.746669709359115565e-05,5.321818058865666326e-05,-5.397871706653697087e-05,-4.413055379965790531e-06,8.561728017307041654e-05,-1.421083752226468466e-04,2.383468752049947107e-05,1.473174859920921092e-05,-8.864096985881529320e-05,1.414702658350894954e-04,6.966288971472101715e-05,-6.294832929314847503e-05,6.605193707101306524e-05,9.766587556604613279e-05,1.049392029526721032e-04,-5.823953346388555628e-06,-1.979809706228850700e-05,1.498156595226851368e-05,-9.239537237577919067e-05,-7.440259870644444409e-04,2.589315319711844475e-04,1.678985162624599577e-04,-8.991196562787350595e-05,6.230439545989232284e-05,-5.720405796457578296e-05,1.747374905490539643e-04,-6.024526357606418969e-05,-1.286479958563513382e-05,9.999999999999960032e-01,1.717578004074155062e-05,-1.351563386209342355e-08,-2.486209057551980184e-08,-1.591302392290312815e-04,1.917942790282360773e-05,-2.076392552169821189e-05,2.629860266877915090e-05,7.517449851481674335e-05,-3.166778906227453840e-05,-1.008351012097021514e-04,-1.258593351232909635e-03,1.759733059675606340e-03,-9.664916004533468177e-03,1.100230270082505624e-04,1.289013460435540592e-05,3.962456548203393213e-04,-2.034603699462966125e-05,7.871349417196485398e-05,8.991311523129374983e-05,9.903172491204626469e-05,-2.352241592016168109e-04,-1.038288472255675162e-04,-2.101567947994592914e-04,3.516855490210725466e-05,-4.213613497699129906e-05,1.824016258793080200e-04,9.927754501090215009e-05,3.983522735404856560e-05,7.187691257259411215e-06,-2.299535868793660398e-05,-4.081425569985638185e-05,-9.122475466870338945e-05,4.753381502510534151e-05,3.422109627846618013e-06,-3.516755807845927512e-04,7.568963620246211763e-07,8.642075230388794005e-06,-1.561672961234411748e-05,1.310645007741939128e-05,2.823617291899526983e-05,2.267788131931548659e-05,1.650688999205845162e-05,3.974253124950707244e-05,1.289563001104928296e-04,3.577532969913727805e-04,-5.997097231332188059e-06,-1.639781605981580710e-04,2.278028754915040937e-04,-2.706410179761950356e-04
1.789434433477742753e-04,1.869872747593890727e-05,-8.952541897449678703e-05,1.948827380984820279e-04,-4.832144422757121867e-05,-2.574838898778547547e-08,1.906499619995405035e-05,1.345185558439082564e-04,1.261907232236433364e-05,-4.407414500425563768e-05,1.534582984389558195e-05,-1.134212483968266100e-04,-1.991726027454138659e-05,8.103572156099771856e-05,3.593085947418294844e-05,-5.656718658447225379e-05,6.038022156612532498e-05,1.365174580067931437e-04,-3.766855966137240032e-05,-4.547393096154817016e-05,2.511260530249441979e-05,-1.711312030677064611e-05,1.507795698874850765e-04,6.279728870226374405e-05,-4.805839861780252312e-05,-2.747117345279359991e-04,-2.237211843251083669e-05,3.313793711749252408e-05,-7.659395632442678355e-05,-5.488126849056268724e-05,9.078264774628475031e-05,9.285926614061024154e-06,2.138632440445986660e-05,-1.871739724323973064e-08,1.717578004074155062e-05,1.000000000000000888e+00,2.750116229362220555e-08,-1.933264311831939253e-08,-5.034706634945671248e-04,1.445420087574414674e-05,3.766122214275165322e-05,1.490605503238202727e-04,6.679339677898412167e-05,-1.112584396380307712e-04,7.084179583979172655e-06,3.488768514071885485e-03,4.478196783512577994e-03,3.272851566376462455e-03,-7.906825154187988036e-04,2.667780521911313667e-05,-3.714712136865769591e-04,5.476181523119023897e-05,7.450752968004127966e-06,-1.994708224667234020e-07,-1.029391785613495425e-04,-6.514620728772170695e-04,-9.165417802824301317e-05,6.975225648999652459e-04,-8.082023308366055592e-05,1.313045744091925759e-04,3.787052387982433460e-04,6.946292418657032397e-05,5.913233600628176045e-06,-3.896484328575616773e-05,-2.646358460735320252e-05,-1.204795748175231662e-04,-1.942373026387958501e-04,-2.750632639493657064e-04,2.567233973690477566e-04,-4.943593774562019157e-04,-3.196843687905430095e-04,5.450191024798532242e-06,2.478863320563679957e-05,1.188764938572621239e-05,-3.949831192218305307e-06,-1.602040910607166382e-06,7.447079981911437795e-05,2.653450145203962123e-05,8.002574817031402315e-04,1.525215402549313123e-04,-2.075900432889813503e-04,-1.189447801091646358e-04,-1.743432522678999095e-04,6.909986788248884040e-05
-6.865432986915871868e-05,-1.152721007847268405e-04,1.810791967085749986e-04,1.171290778366612119e-05,1.627125427195851709e-05,9.531052917103113864e-06,2.108611119006498918e-05,-6.836330600581690554e-04,1.900993050137434262e-04,-1.253552285924269919e-05,2.879938673987849111e-05,-1.599522488774675604e-04,-4.945274106059251596e-05,8.277370915439098698e-05,-6.469739747040972877e-05,-4.474114608085091784e-05,-1.396233739944158008e-04,-8.226874322542867591e-05,-4.684060388644894677e-04,3.325431390335541236e-04,-1.685657831576488352e-04,-1.052103868477167331e-04,9.648588511310639271e-05,-8.403766950253882539e-06,1.623512322591800464e-05,-4.776568846236672015e-05,-2.137642005080743045e-05,5.159945175460051636e-05,1.446470140189700391e-04,-6.458787933049072913e-05,-1.608657081839659497e-04,3.922113399668081257e-05,-1.930613309454251580e-08,1.799675047008120199e-09,-1.351563386209342355e-08,2.750116229362220555e-08,1.000000000000000888e+00,1.109123131112146746e-05,1.736707460763453528e-05,-1.912645962117109867e-05,-3.505000241058262982e-06,8.148261976471623570e-05,-3.494798400805550122e-05,-8.823019528526399383e-05,1.459293234557157079e-04,7.501050129191649124e-04,-7.971679480492606384e-03,6.078027097156695618e-03,4.809422587336437127e-04,-9.228936725431417576e-06,1.748821906858004122e-04,-3.816860123684664985e-05,6.921033483416137028e-05,-1.347051503430771180e-04,-9.816875854420231695e-05,9.739351419059915065e-05,-3.096821753519568392e-04,-3.151085770233587498e-03,-8.117522043323173453e-05,1.746755785362041360e-04,1.459161681565839300e-04,1.981652535791788926e-05,-4.405513949588475730e-05,1.679108668663515519e-04,-8.691740008721308280e-05,-8.136157834011652906e-05,2.012505320053035660e-04,-1.967514201370586073e-04,-3.248190507143463050e-05,-1.370871038535354013e-04,-3.793202092279871970e-05,-2.188747000953276088e-05,1.372751540465039493e-06,3.211515852938964810e-05,7.773619373252840803e-05,-4.554856603119621658e-05,7.136426318915314588e-05,-2.972011191557433533e-05,8.510473242423022364e-05,3.779213306232952641e-05,2.304477440074786162e-04,-3.122039700046956448e-04,1.662812778850631616e-04,-1.753942928493828948e-04
-1.529794060993486476e-04,-8.352457312587755140e-04,-4.625996522160915258e-04,1.228534601519989944e-05,3.232699285849686271e-05,-5.914745520396388640e-05,-1.167410452086941415e-06,-1.842372823723082038e-03,6.283898237319294859e-05,3.367166270041164122e-04,1.151632598850169440e-04,-3.840147541705305097e-04,7.112054033753761970e-04,-5.743154874564108947e-05,-9.024378109761393985e-05,-1.068690498553624831e-04,2.690672113606883955e-04,-3.002539179191526884e-04,-1.714148343308525299e-04,5.493361710867227242e-05,-1.728062356359154686e-04,1.597315057730638171e-04,-7.176226325301265918e-05,1.452392273245048382e-04,9.408583772151860990e-05,3.190836827664229425e-04,-1.600936842112244752e-04,9.810034465636768104e-05,-1.217040517358015548e-04,-1.411016114127167098e-04,2.902755179787774864e-04,2.893114573073174434e-04,-2.072708795656380554e-08,-5.798311858862953416e-09,-2.486209057551980184e-08,-1.933264311831939253e-08,1.109123131112146746e-05,9.999999999999988898e-01,-1.383685785200750398e-04,5.773615062169503874e-05,1.286963736844617674e-05,-5.556815554289083053e-05,2.696613009770605814e-05,1.695764555897016565e-04,7.231776113332533118e-05,-3.062488169348204226e-05,4.288404618002986460e-03,4.386155460974145229e-03,-2.234036576598093932e-03,6.319935675918572681e-05,-4.404199684128450314e-04,-1.063410835222842804e-05,5.505055769708909474e-05,-7.428913872259065854e-05,6.163703813974810708e-05,-2.059153167193765108e-04,-7.146461300867510379e-05,2.292786639906873366e-03,-1.362958175487385959e-04,7.485647115854435207e-05,3.336446972461271738e-04,7.114184841776040541e-05,-5.699715411275123008e-05,-1.233297835727710512e-04,-3.044359325344268841e-05,-6.012169390736191166e-05,1.152114721122061460e-04,1.406601253896256828e-04,1.949309374414608077e-04,2.303198252696143531e-04,5.952749162558201509e-05,1.169601857436613354e-05,2.768101095867664201e-05,3.395165346372269527e-05,-6.654559591501659930e-05,-1.254029620523686400e-04,5.546299490124723445e-05,-1.936606287782769082e-05,-4.703218946392506467e-04,-2.239837415066519514e-04,-3.935994310612081146e-04,-7.662375533207992431e-04,-2.367535408486472009e-05,-4.386319773001692672e-04
7.051082095698644721e-06,1.014398061164920148e-05,3.490030982872229708e-05,3.205557108845611064e-05,-5.038979846040183566e-06,1.944003962797121991e-05,-4.866069259600066372e-05,-2.792282879864656925e-06,1.179123765606261785e-04,-5.494205037790061904e-05,-6.513045160051174158e-05,3.905542193218439992e-05,2.518768532593414905e-04,3.688058269952196094e-05,-1.452184538019579707e-05,6.002191074593564435e-05,-2.774336928564052765e-04,-5.297215861869855949e-06,-7.371322013238957487e-06,-5.462050797173803943e-04,7.031096725166317320e-05,-1.068523650817914034e-05,-6.874087395543054932e-05,-4.510682463269060147e-05,1.016871253966897536e-04,3.482343183719799947e-03,-1.294188079099790455e-03,4.522454860512581111e-05,-1.114311564154281739e-04,3.766806806118549122e-04,7.559128723546611325e-05,-1.914429707398339494e-04,3.535951255101679649e-04,-1.764712461579962606e-04,-1.591302392290312815e-04,-5.034706634945671248e-04,1.736707460763453528e-05,-1.383685785200750398e-04,9.999999996073771769e-01,-8.645505574203647301e-05,9.923680904710566002e-05,-8.566560138349422576e-06,4.283350057037536022e-05,7.494665486086625505e-05,-2.035213705646639845e-06,3.462071468208743202e-04,-1.055404807990551657e-03,-5.448973235573241871e-04,-1.609258529026270836e-03,-3.795303596225386641e-05,4.592024307581740565e-04,-6.032978541163389421e-05,4.038758468920437892e-05,9.856614004348523582e-05,-8.376403591430785678e-06,-6.777767331300987809e-04,1.992309665996205772e-04,-2.439982736870496306e-03,6.021300395484110784e-06,-7.855219717060253387e-05,1.759392451007961693e-04,-2.996932113609090183e-05,1.035574665911240120e-04,4.003279678683548430e-06,7.648915025807890710e-05,-1.045946912542702160e-05,-2.811113341709368658e-04,2.146043685947886096e-04,-4.999058229044376581e-04,4.424714637004176568e-03,2.233756260109676789e-03,8.332659844976791924e-06,6.034582668043562924e-06,2.406058717814778220e-05,-8.465061317923177979e-05,8.574393053202485635e-05,3.500101348109359382e-05,6.448328008673027002e-05,-3.948712370519533513e-05,1.520110466353790118e-05,-5.883007635067839482e-05,-6.367999984736673661e-06,-3.120516116422405290e-05,6.329442030239891711e-05
-2.717185488134481945e-05,-4.863610323699631019e-05,4.199701415414704310e-06,4.880430723346790344e-05,3.821543709390156561e-05,-2.129131124404661169e-05,2.993905487978554313e-05,-2.796589170255290918e-05,7.761212232286709452e-06,1.341991805216134526e-05,2.992872038595210569e-05,-2.968377095185095011e-05,1.399762211074100939e-06,8.660552838862367581e-06,-2.272148202904242871e-05,1.398288145849256730e-05,-1.970449227215109533e-05,5.524981614089859573e-05,3.368919010271465947e-05,-4.980705416650716897e-05,7.247716362984410780e-05,6.944163012882990785e-05,9.150343443664907077e-05,1.001785470681292706e-04,5.845895561243924843e-06,1.242166009942159732e-05,-1.516465232111228014e-06,-7.800110865607566058e-05,9.813253303987410275e-06,-6.619735394237168482e-05,7.108060951671031451e-06,2.655556859558613411e-05,-3.261892524430561545e-05,1.641939981657785524e-05,1.917942790282360773e-05,1.445420087574414674e-05,-1.912645962117109867e-05,5.773615062169503874e-05,-8.645505574203647301e-05,9.999999999187239030e-01,-5.773263122206729350e-05,4.508065418745387090e-05,1.474221141381959910e-10,-4.957829606885701086e-05,-1.227685851081579161e-05,2.925523375831400041e-04,-5.852280123446472785e-05,1.789680468216751702e-04,6.478133862846281038e-05,-3.970930819816734719e-05,1.234741038031196276e-05,-3.217291598587019820e-05,2.440989130442587087e-05,7.314365215131198473e-05,-1.516530902722110283e-06,4.771438747415134040e-06,-8.425358089721897968e-06,6.367306712898001251e-05,-5.971325045407271243e-05,-9.813104968326704855e-05,2.543728600931413395e-06,-9.378382561074823098e-05,1.031985360507130245e-04,2.981318438803962079e-05,8.771436444418578837e-05,-7.946057591849659636e-05,-8.995024297457545476e-05,-1.768762854368211707e-05,6.775765854440511942e-05,4.276392478657379338e-05,-3.801826774608851195e-05,1.790482827356430822e-05,-2.682674094110347219e-05,6.640152856353087856e-05,-2.600473980091837491e-05,1.055571401745130890e-04,1.737308215793016935e-05,2.752951165728107841e-05,1.922652008946464618e-04,7.820492138841972926e-05,3.111444502691598085e-05,4.567858720081922419e-05,-2.699371627028448908e-05,8.621361258347767353e-05
-7.333157582527200609e-05,2.251592748804672958e-05,-2.789852868304737600e-05,-4.997561171557844131e-06,2.223512465649234258e-05,9.171662527193099365e-05,3.364906325514828038e-05,-3.263146050916601999e-06,1.741140915801155887e-05,-1.690845808244103329e-05,-8.980703532716357391e-05,4.788494131988716796e-05,2.331028055231999465e-05,1.238000781542694031e-06,-5.666114314611318810e-06,1.796430331963811308e-05,-3.639351117883302925e-05,1.872743669047608286e-05,-1.630141809398535151e-06,-4.196006691278448826e-05,1.997375495250214501e-05,3.816861317004282097e-05,4.685365608629348184e-05,-3.623932538168751896e-05,3.040766771493388668e-05,1.610083154556841040e-05,1.888409370963100832e-05,1.342217725170460749e-05,-8.300432456631137474e-05,-6.992601641791794983e-05,6.497035515249326675e-06,3.262690586341994274e-05,7.529911032538416215e-05,-2.011997231635732637e-05,-2.076392552169821189e-05,3.766122214275165322e-05,-3.505000241058262982e-06,1.286963736844617674e-05,9.923680904710566002e-05,-5.773263122206729350e-05,9.999999999999995559e-01,-6.585094007235959819e-05,-2.825496764586797832e-05,5.634722919505169862e-05,-3.184698257073002663e-05,-3.966715858750262521e-05,-2.968635995408953573e-04,-1.061420223785677637e-04,1.271494329061896133e-04,-1.428729790571118147e-05,6.393660886516300539e-06,3.410462967972203730e-05,9.982375803413489216e-06,1.281537394938513783e-05,-4.292039421883508883e-05,-4.201616734942682095e-06,-1.023200380012771801e-05,-2.969706635557653790e-05,1.096001098178428154e-04,-1.456990839178535710e-04,-1.094335180146211416e-05,4.658008442166329532e-05,3.355127317184337238e-05,2.316751964500729857e-05,4.493573850053184798e-05,-1.058045494967959710e-05,1.281774515224068552e-04,2.124115601606210366e-04,-1.274554571256239261e-05,4.419224546676072762e-05,4.242348079983117900e-05,-2.238916668855586722e-05,-4.194465513270047969e-05,-3.036675285141689237e-05,-2.584622545328724738e-05,1.028788870017790060e-04,2.236757929849526272e-05,1.241093917514566972e-05,1.561141664274914745e-05,2.361337044444629645e-05,-2.340617292668913758e-04,3.698925950659542639e-05,-1.517289891897754010e-05,5.975396155718761459e-05
-7.138661334896044465e-07,-1.897191618467843849e-05,1.621089542268745596e-05,9.667194266126435118e-05,-3.691448021162443846e-05,-8.478897691108433377e-06,-3.012645763205209161e-05,1.354443021247821890e-05,-1.066705055889584186e-05,3.118245985760931526e-06,-8.606444834505679444e-05,1.420578624739156489e-04,-1.611196208881882888e-04,6.033887839748656068e-05,-8.458320597833162661e-05,-6.893581810705684738e-05,1.485639466282127137e-05,-4.045458686719507471e-05,4.169583563760543058e-05,8.754124937923707622e-05,-7.758431915124618323e-05,1.261113407057664010e-05,7.594458806535986600e-05,-1.639949735583762930e-05,1.743248873417925119e-05,-1.351048211022699739e-05,-6.530938013255680103e-05,5.070959211969310558e-05,-3.032778014333572495e-05,4.411081501927736426e-05,-1.241686816798073497e-04,3.317041652604716968e-05,6.577270456282601624e-05,-5.345357112338847659e-04,2.629860266877915090e-05,1.490605503238202727e-04,8.148261976471623570e-05,-5.556815554289083053e-05,-8.566560138349422576e-06,4.508065418745387090e-05,-6.585094007235959819e-05,9.999999999999987788e-01,-1.104346823335023084e-05,1.363900552610666783e-09,-1.749502984268926781e-09,-2.693090635423073676e-05,3.430814101562462373e-05,1.618011110911971051e-04,-2.069393004823587810e-04,4.044424796065357075e-05,9.042154544684229524e-05,-4.688597552303224987e-05,-1.106038216592611899e-04,1.170122211258114384e-04,-6.956809110595589784e-06,-7.395340149003590746e-05,-5.792179751874492193e-06,-2.639949882093812689e-05,1.484120206728545971e-05,1.814518274491122747e-04,5.138681015108646083e-05,-6.227260840992682536e-05,9.581547142265341317e-07,8.109726668146730044e-05,-2.827722351865773892e-05,-1.350814212031861564e-04,-8.670247655762639352e-05,-1.021089548967814981e-05,6.393563704288479643e-06,1.715918013856736524e-05,1.634447970069890680e-05,-1.596681927150489123e-05,1.443234154542671160e-05,-6.961832316145486789e-05,-7.678388333853377527e-05,3.554094406675169606e-05,4.584172538167784390e-05,-3.131262012775262997e-05,-2.013418963088478705e-05,-1.403731465952016142e-05,2.357594725063344508e-05,1.165324817693382106e-04,-9.079468790352839588e-05,-6.807420355459272267e-05
9.939304757941929504e-06,4.574565677969318192e-05,-1.774426856031219429e-05,5.614443246309257178e-06,-8.019162697341211720e-05,2.274440816480122440e-07,1.581413064685596525e-05,3.405094846176702887e-06,1.101111440137196812e-05,-2.963577956541056657e-05,3.881010056435013758e-05,7.952372876897895149e-05,2.467361557639836923e-04,9.133921395821174426e-07,-1.372023370231079673e-05,-4.316791730346523058e-06,1.008289310494877688e-05,3.507849270546204692e-05,3.611552519541692325e-05,-1.467160371608860450e-06,2.753809415684336636e-05,-3.631437785882930022e-06,-4.073242352654899833e-05,3.701454732028754309e-05,2.270055372421456470e-05,3.263487452448465468e-05,-7.056472396291187414e-05,-2.852435626659299546e-05,1.673623677801499096e-05,-1.021877778611802556e-06,-8.849757646931682466e-05,-7.560351099215947563e-05,-2.771132594507185604e-04,-8.821797762617879473e-05,7.517449851481674335e-05,6.679339677898412167e-05,-3.494798400805550122e-05,2.696613009770605814e-05,4.283350057037536022e-05,1.474221141381959910e-10,-2.825496764586797832e-05,-1.104346823335023084e-05,9.999999999999955591e-01,1.882532861137409773e-09,1.304667612755049631e-09,-1.928756593528980579e-04,-2.121410504823354349e-05,6.975807896088102476e-05,-1.741856473592807373e-05,-6.961615361320320442e-05,-1.236584093679318199e-04,5.250872590038620680e-05,-5.473485862963284944e-05,-1.390742215053646590e-04,3.818765187071206460e-05,-2.013560292208883446e-06,-6.097907343737690891e-06,1.583173082376746106e-05,-6.584655692296341369e-05,-5.641632321570316756e-05,1.049896942237254832e-04,8.088789270080715588e-05,1.304741839253351109e-04,6.229517667490341165e-05,1.239328576647328456e-05,1.483526531454767115e-03,-2.827428296344738565e-05,-2.202514782885457885e-05,1.154711744002295207e-04,-3.060125833373491112e-05,-4.819791409511754422e-05,1.612935263219995421e-05,-8.888404171795082179e-06,-4.344471513629807934e-05,-5.813261557794535971e-05,1.354058767516710422e-05,5.438905736877723684e-06,9.459178527050339730e-06,-3.343336516053944506e-04,-1.414717741533611818e-04,1.809554686143128861e-04,1.423393938374585023e-05,1.103487324170049962e-04,1.598336554103451361e-06
-2.174287662987842870e-05,-1.029457177645445751e-05,-1.679207949613085375e-05,1.508841656053195381e-05,-8.073472990569135175e-05,-7.234728690120758828e-05,5.773217159461513671e-06,5.242514426566782587e-06,1.059612764284450220e-05,-6.144876480260812418e-05,-6.644635577970637577e-05,-1.302410225570460633e-04,-9.116456061101068102e-05,6.462804226130706227e-05,-3.097208868405165326e-05,5.150278599197675414e-05,-1.098379145962305090e-04,4.537962312266505282e-05,7.538644967429516811e-05,-3.396860251644169098e-05,4.246978859755119523e-05,1.040314959389531605e-04,-1.157181543239191280e-05,3.544376074697307220e-05,-3.281980292126889941e-05,8.783292094951247384e-07,9.986773649707479119e-05,-1.239762805935006170e-04,-4.265482601718827182e-05,-5.534356073713083272e-06,8.952968314969618480e-05,5.950534993654876641e-05,4.657869429569014069e-05,3.889750162902410290e-05,-3.166778906227453840e-05,-1.112584396380307712e-04,-8.823019528526399383e-05,1.695764555897016565e-04,7.494665486086625505e-05,-4.957829606885701086e-05,5.634722919505169862e-05,1.363900552610666783e-09,1.882532861137409773e-09,9.999999999999984457e-01,6.824706292006272722e-11,6.269203940650118988e-05,-3.181524457473804525e-04,1.147849123003311090e-04,4.449626399097739594e-05,1.296785200849069417e-05,1.244214487261092691e-04,2.728122831767191303e-05,-5.996532226783717133e-06,-1.266962686812405400e-04,1.153838542871373174e-04,2.142504131166561489e-07,6.798415074007826161e-05,-1.159400856491207214e-04,2.732801098747359228e-05,-9.255552028776894719e-05,1.321087403924055097e-04,1.277013789038115681e-04,1.435339077851364997e-05,-2.663859334565889941e-05,-3.726652677602144970e-05,6.566874386991841672e-05,3.838689429761757595e-05,2.132863406692020805e-05,8.878855899354352876e-06,1.790431529798567148e-04,9.804776733797138373e-06,1.126519112763986293e-05,-9.748174617569544786e-06,9.856395266921414388e-05,4.550165154253332821e-05,-4.089618049215497722e-05,8.626017953620589325e-05,6.671402555353788126e-05,5.627251227184663874e-06,-2.845921288008604550e-04,-2.213163407777994185e-04,2.374110046105780674e-04,9.197469282602591719e-05,7.750457739152152555e-05
-1.422452021526880600e-05,1.000391293856029554e-05,7.499283638062903708e-06,6.193312529481435067e-05,-8.138516313104580908e-06,-8.698038697643452289e-05,9.538742649134033497e-06,-5.823957534608679531e-06,1.428612363252021171e-05,8.749485494863316925e-05,-1.111686172641830893e-04,1.050378150175734944e-04,-8.380232902170864969e-05,-2.475320201107457724e-05,4.246590667753001884e-05,1.780258602780468284e-05,-3.674957181307304365e-06,4.099683996941638092e-05,1.540755656694959834e-05,-1.277791876973983319e-06,1.131960237715855895e-04,7.201788942315544479e-06,5.955103386640717573e-05,8.175582525903505129e-05,-7.097745712476376884e-06,1.031847248268916563e-04,-1.273000868763518741e-05,9.467393402243864952e-05,-1.317734057861365721e-05,2.697673518316467912e-07,3.409104853385335095e-05,-8.039622036399435290e-06,9.324919060148327381e-05,-9.448066165047733049e-06,-1.008351012097021514e-04,7.084179583979172655e-06,1.459293234557157079e-04,7.231776113332533118e-05,-2.035213705646639845e-06,-1.227685851081579161e-05,-3.184698257073002663e-05,-1.749502984268926781e-09,1.304667612755049631e-09,6.824706292006272722e-11,9.999999999999957812e-01,1.394558554607005130e-04,-1.075172976150546921e-05,8.395304896990953545e-05,4.761299378815334304e-05,-5.728985382053593375e-05,-1.280109486969089434e-05,-2.579843405094202498e-05,-2.658598981115045895e-05,-1.082086206776051421e-04,-1.715541286050823984e-04,-1.326637620203095780e-05,3.656011637451208510e-06,8.134142274124644717e-06,-3.219552558859787098e-05,-9.890299259458258663e-05,1.241070000394057984e-04,4.238541090038428286e-05,-8.131300763546990551e-05,-8.217099523343809539e-05,-3.981966994236153454e-05,1.183194169771359557e-04,1.254667411402398856e-04,-6.930114665344250203e-05,-3.628279466058852848e-05,-8.143057299883902148e-05,1.245619934747081958e-05,2.530575512643902659e-06,-7.329535979960449863e-06,-8.410298381679852408e-05,1.024548032685003863e-05,3.220656106392861661e-05,-9.987003165831039053e-06,6.572751724952035843e-05,7.848890241500517360e-05,-1.837636767676339403e-04,2.611473289315197023e-05,-2.545992096730055132e-06,-2.549872600017480265e-04,4.777024363096843873e-05
6.141583256795004144e-05,-1.214941153498947692e-04,2.927470713921239776e-05,-3.234362777208995253e-05,2.094347326089217570e-04,3.612307165347800053e-04,1.127880500175598147e-04,5.429826326795062375e-04,3.689233309757465433e-05,-5.608226879569751244e-04,-1.059976523583552183e-03,-2.699360720369585638e-04,1.207002507522560424e-03,-2.610817063580701120e-03,-3.213478125137890148e-03,4.623938168907785074e-04,-2.828445557645245479e-04,-5.240654249694769173e-04,2.867072543217506482e-04,5.866360119010021823e-04,6.016755729898418548e-04,-5.100073165324153887e-05,2.852515437639240622e-04,1.189206815446932470e-04,3.610612576157317300e-04,-1.151239731263982717e-04,4.285738292067377969e-05,1.003780172457992888e-03,-2.869303728133416323e-04,8.352523258446873104e-05,-1.685646331677079744e-03,-1.805791958009984877e-03,2.945629840800595770e-04,2.218214356139456070e-04,-1.258593351232909635e-03,3.488768514071885485e-03,7.501050129191649124e-04,-3.062488169348204226e-05,3.462071468208743202e-04,2.925523375831400041e-04,-3.966715858750262521e-05,-2.693090635423073676e-05,-1.928756593528980579e-04,6.269203940650118988e-05,1.394558554607005130e-04,9.999999306629789864e-01,-4.649080262431048993e-07,-4.559149952010344009e-08,-2.455920737609584847e-09,-5.243153687796518053e-05,2.813854033575665216e-04,-4.938262748582734549e-05,1.678518300940847944e-05,1.330171989473608951e-04,1.125711568753472972e-04,-4.308347807971076894e-06,1.784501797697779897e-05,2.325846175097699697e-04,-9.852378865405203839e-04,1.606651550889257561e-03,9.597676245467914955e-05,4.225814617094097981e-05,5.508864545036027197e-06,5.457278285177853856e-05,4.192497882004686625e-05,1.803495928007676791e-04,5.509407078206022407e-04,5.515637509793466656e-04,3.452254506130462280e-05,-1.156190656897242196e-03,-2.773420962347825525e-03,-3.638787614174562271e-05,-1.477796773777352316e-06,1.047797287693786597e-05,5.095860011882383535e-06,-3.095009327178303810e-05,6.501848304993251208e-05,-1.189903928268175639e-05,-1.179988138673876939e-03,-9.168284521038566962e-05,-8.547339375065661840e-05,6.977033795837270377e-05,2.919312294488948280e-04,-1.925986146963331019e-04
5.874764883699124061e-05,-5.905573179996210110e-04,-5.633419553510331723e-04,3.518743979792371412e-02,-2.016629666771106028e-02,1.117620412713030142e-03,3.151453451244837743e-03,2.633629799096552128e-03,-2.196919523301304068e-03,-1.505550626813334340e-03,-1.088299904422987928e-03,-7.244503465536977251e-03,7.107898594681222315e-03,7.938343183531860331e-03,1.876313331943996708e-03,2.346066776517159117e-03,-6.692663880943668228e-04,3.447919960449616784e-04,8.442295340471562669e-04,-8.448467661459039971e-04,-3.205780376928839899e-05,-1.318932740160669228e-04,8.854781988979186242e-04,-9.174024662127012531e-04,2.199378992516845554e-04,1.118200160612962783e-04,2.304007009824094072e-03,1.354628329710634745e-03,-2.214227789014413736e-04,-1.171632832959044763e-03,-1.851332337772309405e-02,-3.953165281569132397e-03,-2.858122552786959703e-03,1.214600864161744041e-03,1.759733059675606340e-03,4.478196783512577994e-03,-7.971679480492606384e-03,4.288404618002986460e-03,-1.055404807990551657e-03,-5.852280123446472785e-05,-2.968635995408953573e-04,3.430814101562462373e-05,-2.121410504823354349e-05,-3.181524457473804525e-04,-1.075172976150546921e-05,-4.649080262431048993e-07,9.999999999999991118e-01,-1.094742255181024859e-09,-7.862387835233519695e-08,-1.246012125933281499e-04,-1.284269960494489275e-04,2.228557316776081970e-06,-6.222805670729505663e-05,1.162496756225539333e-04,-5.765629293683630563e-05,-4.267786149432010686e-05,2.090879231430992340e-04,1.415987169942309418e-03,1.536757779802542558e-04,5.430466005679496916e-04,2.916718742044916400e-04,-7.059035897815822084e-06,-1.404536051035564729e-04,-1.128467458177915281e-04,6.270058494346275949e-05,5.236419072508637735e-04,6.430488356340009195e-04,1.333073911552738397e-03,-3.483609620033388922e-05,-1.124557906357680085e-03,2.536363286037479105e-03,3.697805508211605407e-06,-3.356388827652483520e-05,-1.093316741394905286e-04,4.239782342164173776e-05,3.526519220202332158e-05,-2.860952319490710655e-05,2.948543564668715434e-06,-1.006067827732993938e-03,-1.617364678288930272e-04,-1.766732975123545737e-03,-4.993989798257659520e-04,2.017901559089893093e-04,2.601656646555442799e-04
9.606140768388218062e-04,-1.555853654001959629e-07,8.066277646462361676e-05,3.570052812859275757e-04,9.627718600118439270e-04,8.395623118971535809e-04,4.242703559387754446e-04,-2.207945278068406195e-04,-2.642342935781864105e-05,1.166421746997377750e-03,1.250461097791413659e-03,-1.135950977799213930e-03,-8.730214083488102529e-04,4.286175529025416930e-03,-3.909290792747750418e-03,-1.406728855381145140e-04,-2.811041194958458465e-04,-3.842585268625636741e-04,4.014161554829489783e-04,-3.306018701737826679e-04,4.286340787411025896e-05,-3.180349609246805632e-05,-1.090457639628897996e-04,-1.683822259000781725e-04,-1.541161987488899176e-04,6.854507783261919000e-04,-2.169191508119398283e-04,-1.695461412936134175e-03,-1.191034828171856283e-03,2.298989169940487010e-04,-3.426619587450992037e-03,4.680546117036428130e-03,-8.746036275715726727e-04,-3.054534830617371133e-04,-9.664916004533468177e-03,3.272851566376462455e-03,6.078027097156695618e-03,4.386155460974145229e-03,-5.448973235573241871e-04,1.789680468216751702e-04,-1.061420223785677637e-04,1.618011110911971051e-04,6.975807896088102476e-05,1.147849123003311090e-04,8.395304896990953545e-05,-4.559149952010344009e-08,-1.094742255181024859e-09,1.000000000000000888e+00,-3.411812277143155825e-09,5.052084188288358084e-05,-3.753236406798506411e-04,-1.965337816389682688e-05,-2.346437604950032713e-05,-1.135263154510999985e-04,-3.810648392893895833e-05,1.357236019975860322e-04,1.022673346318614613e-04,2.140049105246042338e-04,4.484674778109351600e-04,-6.815837095858917095e-05,1.344316710476213203e-04,-4.899704280399212698e-05,3.195599889669486658e-07,5.391058152343184296e-05,1.276187208768291741e-04,5.657522419670135781e-04,-6.211994213940258067e-04,1.188728341014589187e-04,1.039461571370397597e-04,-1.162070987126638099e-03,2.371985197424268839e-03,-7.911464289921573467e-06,9.719885539492325251e-06,2.350769528829087037e-05,-7.600003770902939823e-05,3.243160180891801542e-05,7.443678312910651559e-05,1.164271468981071277e-05,-9.309614664172898880e-04,1.161221487439782589e-05,-4.057754531647500117e-05,1.225994308610208351e-05,-5.028913617834184294e-05,1.939389474923554606e-04
-1.455655539170852206e-04,7.027721738319726331e-05,-3.201302739303532943e-05,2.626818559542876607e-04,-1.902472973932733610e-04,-4.695983332803615323e-04,-1.078510775935561002e-05,-1.277734193901445181e-04,9.024665487761948310e-04,2.613539953584471161e-04,1.584264770366818889e-04,2.222763511928017334e-03,-5.559846960882341808e-05,2.248499700420975933e-04,-1.939484009426755383e-04,-1.225867823682656537e-04,-9.686290353261730159e-04,7.414862677440881532e-04,-5.944456537884429577e-05,6.845269732634391051e-04,-1.034370510269710930e-04,3.600916964662046870e-05,-2.647454715987751685e-05,-8.494821527902962936e-05,-5.102351572479427990e-07,7.877886722303323666e-06,5.673392439608311751e-05,2.801955463996110051e-04,-9.788920673797882506e-04,-6.121781727619396343e-04,3.806125440243767269e-03,1.661169871384449506e-03,7.984134541122412873e-05,-6.050013775774436796e-04,1.100230270082505624e-04,-7.906825154187988036e-04,4.809422587336437127e-04,-2.234036576598093932e-03,-1.609258529026270836e-03,6.478133862846281038e-05,1.271494329061896133e-04,-2.069393004823587810e-04,-1.741856473592807373e-05,4.449626399097739594e-05,4.761299378815334304e-05,-2.455920737609584847e-09,-7.862387835233519695e-08,-3.411812277143155825e-09,1.000000000000000888e+00,-5.918556108255683661e-05,-2.300223384953154100e-04,6.304893884250052411e-06,1.092101110649691719e-04,3.023621800541833715e-05,2.524724942442387477e-05,7.461236989900842500e-04,3.144718193777781704e-05,2.150146706018535325e-04,6.140564774838874751e-04,8.179376728094875110e-04,-2.189712545194435404e-04,-9.140556880887296468e-05,-3.697750297333691170e-05,-3.041713068083466307e-04,-4.794831536176840606e-05,2.295019394465720860e-04,-4.166915109968419122e-04,-1.474961274887140288e-04,-9.692826613550803135e-05,1.040064134617114597e-03,3.137558635365867484e-03,-2.353652538306358184e-05,-5.924450953413432597e-06,8.604668052241052733e-05,-1.036857196248462925e-04,4.322907709255786472e-05,-6.484528589803222466e-05,2.313650794503496787e-05,-1.668092693473742331e-04,2.754763723039277889e-04,3.317342934971499561e-04,-8.639308072578590330e-05,-1.224103045150266812e-04,8.847702612481129873e-05
2.490161616234328607e-05,1.155848077165003021e-05,2.077525851639210747e-06,6.082470548620249630e-05,-1.783304420106425329e-06,7.061403016056158740e-05,1.781669107354353780e-05,-1.286292919790386891e-06,-6.563360158554974017e-05,2.884845839429218332e-04,1.909233553464545062e-05,-4.150693755248021651e-05,-3.083261846518981441e-04,5.674531272510110417e-05,9.229529723352126666e-06,2.956166719676040205e-05,1.457614648148655481e-05,8.124783646714414231e-05,-1.443511451734311114e-05,-1.451283069669258470e-05,2.625863277415611677e-05,-1.804046657957174163e-05,-1.388122258766744762e-05,2.385721390886289797e-05,-2.332813945982491140e-05,1.638179871744065846e-04,7.519171264942434152e-06,1.521532479686657339e-04,-1.541873520570161685e-06,-7.618146758337721730e-06,-1.206036601502562342e-04,-1.417350565403589671e-05,-4.098784319396096848e-05,-2.579681876524683330e-05,1.289013460435540592e-05,2.667780521911313667e-05,-9.228936725431417576e-06,6.319935675918572681e-05,-3.795303596225386641e-05,-3.970930819816734719e-05,-1.428729790571118147e-05,4.044424796065357075e-05,-6.961615361320320442e-05,1.296785200849069417e-05,-5.728985382053593375e-05,-5.243153687796518053e-05,-1.246012125933281499e-04,5.052084188288358084e-05,-5.918556108255683661e-05,9.999999994570420991e-01,-5.266196634371311401e-05,-9.968954499399061090e-05,-2.520914533761376536e-05,-1.298606809958663399e-04,3.428998312871456983e-05,-1.259196025181014362e-05,-3.409592847384342734e-05,-4.932925367524014157e-04,-4.158600052559706731e-05,9.223340288406600262e-05,-8.584356876572239725e-05,-5.578934705846535808e-05,-3.400519767599620842e-05,-1.170782798709837349e-05,-2.685771655132009506e-04,4.125463806591337344e-06,1.253836696204151764e-04,1.289665302666502490e-04,-2.157045647692190150e-04,-7.028321492020400685e-05,-9.199822315059009992e-04,6.735624512930336435e-07,-3.880043759902218473e-05,-3.745844297575167406e-05,-3.883715660688831999e-05,-5.618097286123972914e-05,1.990592230992906618e-05,6.408522495926056398e-05,-1.217094906130919646e-04,-3.791867950240509306e-05,-7.236732499650859376e-05,3.813991689913289449e-05,-7.932084033395974515e-05,-2.453803073159095216e-05
2.958865154450117385e-05,-3.231004120270237123e-04,-1.867666188064844544e-04,-5.224783155877186580e-04,3.210165207949220573e-06,-4.925576387329030697e-04,2.425788870636381482e-05,-3.187560020072104333e-04,-2.440982164845923981e-04,-3.103097370937481117e-04,1.771051280567920508e-04,1.409935063992236238e-05,2.247029140605952713e-05,1.935920704727875710e-04,-1.794024296233280710e-04,-3.768801624772660265e-05,7.500977285486357246e-04,-1.675665641603983928e-03,9.438547405275043815e-04,2.279536787756956864e-03,-1.604267933821833269e-04,-6.392795372315761770e-06,3.462505364313518940e-06,-5.445064527832906996e-05,-2.822469795031061685e-05,-7.236336186722492833e-04,6.355512752582309632e-05,-1.474627456478451502e-04,-2.396780112219891630e-04,-1.861636543124751183e-04,1.251579207896342182e-04,-1.064553028691818653e-04,-2.130186725115718071e-04,-1.541154912992513605e-04,3.962456548203393213e-04,-3.714712136865769591e-04,1.748821906858004122e-04,-4.404199684128450314e-04,4.592024307581740565e-04,1.234741038031196276e-05,6.393660886516300539e-06,9.042154544684229524e-05,-1.236584093679318199e-04,1.244214487261092691e-04,-1.280109486969089434e-05,2.813854033575665216e-04,-1.284269960494489275e-04,-3.753236406798506411e-04,-2.300223384953154100e-04,-5.266196634371311401e-05,9.999999999999980016e-01,-5.129122767236112814e-05,-7.356179471154194452e-05,-1.605103180542040604e-04,-1.383165323437839447e-04,-7.485116320098189266e-04,1.514474207392948329e-04,1.653820049871547286e-03,1.168644840671966841e-04,-7.938342159739979523e-05,1.392152756944480528e-04,6.732760467375784302e-05,5.414032762538449747e-05,-4.897026939842686602e-05,6.494935148499347225e-05,7.870308830424782012e-05,-3.608445643707975758e-05,-3.935064486642412401e-04,-1.982984655498614562e-04,5.666800194122773027e-05,-2.149285120642319830e-03,1.678748046562784493e-05,-1.611717582496136292e-05,3.257182601542627572e-05,5.925846293289239921e-05,7.903340805978181999e-05,-2.252336576831862893e-05,1.177342339228798268e-05,9.123892661853116892e-05,3.891296769334696542e-05,2.379843743915811632e-06,-7.641237866339869143e-07,-2.872010934653946885e-05,1.171335960434899192e-04
4.065780582248729712e-06,4.933654194860103711e-05,-8.781682477144028625e-06,-4.674767637941750642e-05,3.939070885551999786e-05,3.115842466123407004e-05,-5.683529303999462095e-05,6.399705126915385697e-05,-2.464142387255006941e-05,-5.990874998140764847e-05,6.961380591454905360e-06,4.255047577163141961e-05,-3.887609391264648380e-05,3.439652871910326240e-05,-6.079102199601063886e-05,-6.680042609543020409e-05,-1.022869734429139935e-05,-6.640969713015619459e-06,2.411530601005844755e-05,-5.238693396297914890e-05,2.455294536836315970e-05,-7.307532751429388432e-05,-3.348318937513191350e-05,1.598479053685276420e-05,8.827027678918492211e-06,-2.015761789446857252e-05,3.241087448531220329e-05,-2.412266626127753012e-05,-3.975891288970060153e-05,-4.215821923317149159e-05,2.886556429623765574e-05,6.298934474560733549e-05,1.162068825699517916e-04,7.318847787498189992e-06,-2.034603699462966125e-05,5.476181523119023897e-05,-3.816860123684664985e-05,-1.063410835222842804e-05,-6.032978541163389421e-05,-3.217291598587019820e-05,3.410462967972203730e-05,-4.688597552303224987e-05,5.250872590038620680e-05,2.728122831767191303e-05,-2.579843405094202498e-05,-4.938262748582734549e-05,2.228557316776081970e-06,-1.965337816389682688e-05,6.304893884250052411e-06,-9.968954499399061090e-05,-5.129122767236112814e-05,9.999999999872730694e-01,-5.044366429464453174e-05,4.615835084844788357e-05,5.007068546859772245e-06,-7.208571418539593380e-05,-2.680918392049456392e-06,-2.563552416428140426e-05,-6.478632489727509857e-05,1.083167885448678278e-04,2.071013158053240248e-05,-1.236331956660271635e-05,1.273162019942478650e-05,5.543204302238227454e-05,9.593947894056035174e-05,-3.191136274739076774e-04,5.757350991826939209e-05,-4.245130575782901238e-05,1.601780941704018064e-04,5.987436066575061144e-05,-1.147455450352067593e-04,-9.301399527200050125e-05,-3.198742332720207258e-05,-1.847567478053949500e-04,6.315463618876137892e-05,5.053948396227910455e-05,1.109285164006952959e-04,-1.208012555283056251e-05,1.351929875317118245e-03,-7.824103542897723092e-04,-1.166200758073676364e-03,-3.804287787768067522e-04,2.432301911920727944e-04,9.099593250669769234e-07
2.349361473997032033e-05,-3.107945275200388200e-05,4.839607158842238030e-05,3.835088928127068235e-05,-2.180067862983506416e-05,1.937777467099548396e-05,-1.037699675580072069e-05,-2.297781227289856059e-05,3.453631836193521925e-05,1.464454155429663337e-05,-7.451006131253240625e-05,-5.814943904742055948e-06,4.651558092454117577e-05,-7.061419218535997769e-05,2.147798535544865424e-05,3.338744892892023301e-05,-5.842011009471459460e-05,3.710015613697252622e-05,7.667587119735247935e-06,-4.137612418266549852e-05,-7.894811230962919747e-05,4.341864714820379612e-05,1.873835203181513557e-05,3.095173053796129660e-06,6.367695649527594618e-06,1.856269986404993904e-05,-1.232046654910257794e-05,-2.956391675322127727e-05,-4.419017318012106359e-05,2.642530752609190440e-05,-4.844398074203316862e-06,-1.716644314404477956e-06,-4.638608082438867158e-05,-7.953220137603585205e-05,7.871349417196485398e-05,7.450752968004127966e-06,6.921033483416137028e-05,5.505055769708909474e-05,4.038758468920437892e-05,2.440989130442587087e-05,9.982375803413489216e-06,-1.106038216592611899e-04,-5.473485862963284944e-05,-5.996532226783717133e-06,-2.658598981115045895e-05,1.678518300940847944e-05,-6.222805670729505663e-05,-2.346437604950032713e-05,1.092101110649691719e-04,-2.520914533761376536e-05,-7.356179471154194452e-05,-5.044366429464453174e-05,9.999999999999987788e-01,-3.657432219239971214e-05,2.063954871825868665e-05,2.719980784642324193e-05,-1.016915971442148799e-05,-1.759795908087219765e-04,6.460712085573606326e-05,1.711718098375281105e-04,-7.474944795363321071e-05,-4.093830330006748182e-05,-7.582173796891711305e-05,-4.575614525860626403e-05,5.103991359133638189e-05,4.452387677981875860e-05,8.265346258284702349e-06,1.794982005263509714e-04,1.679149084778342664e-04,2.048929873909661385e-04,-3.301096766750580074e-05,-2.446225603087707925e-05,2.437381281577191542e-05,-1.092653119643305668e-04,-4.985365107972772770e-06,-1.133457120317920679e-04,2.106633127632061612e-05,-2.095430783657666035e-05,3.585572006449400237e-04,1.141348714096723305e-03,4.393069048196132620e-04,1.442545845502222427e-03,8.684428218538292718e-05,-2.940136381045713849e-04
4.410473126185217820e-06,4.884445157854430504e-06,-7.158614246484356058e-06,-6.818051344214162810e-05,-1.044750218480184354e-04,4.950949709135111696e-05,7.710208545828437472e-07,1.855775519764084845e-04,3.503557828923403684e-06,-1.010347333657385610e-06,-1.061472159097267754e-05,2.876937920690947998e-05,-3.099591158418297317e-06,1.356393910852855822e-04,-4.164717732259699779e-05,3.670286365273071373e-06,-3.752448654327003710e-05,-3.396217669921814840e-05,9.404924793099103859e-05,2.215983142953732507e-05,1.116424591613947369e-04,5.977614533280127269e-05,1.919817754526717920e-05,7.629715483014682309e-05,-1.948425802526006838e-05,-5.813202897686158514e-05,-1.143877809629496209e-05,1.221997233479932385e-04,6.727434548860966514e-05,5.871999923971454313e-05,-2.957534393859613704e-06,-1.322644752114552485e-04,3.490305794343604752e-05,1.248784316416508408e-04,8.991311523129374983e-05,-1.994708224667234020e-07,-1.347051503430771180e-04,-7.428913872259065854e-05,9.856614004348523582e-05,7.314365215131198473e-05,1.281537394938513783e-05,1.170122211258114384e-04,-1.390742215053646590e-04,-1.266962686812405400e-04,-1.082086206776051421e-04,1.330171989473608951e-04,1.162496756225539333e-04,-1.135263154510999985e-04,3.023621800541833715e-05,-1.298606809958663399e-04,-1.605103180542040604e-04,4.615835084844788357e-05,-3.657432219239971214e-05,9.999999999999992228e-01,-2.688112023953173282e-05,5.460724704368131609e-05,2.044131430076261092e-05,-2.691319740936208235e-05,-6.035053910356322627e-05,-8.041595444287783553e-05,-5.735092136968219438e-06,-9.734426827149144225e-06,-4.122643656207577046e-05,-1.076033864448763767e-04,8.192194842342149456e-05,-1.576228079516032478e-04,-4.337632304429191827e-05,-1.997300678025999200e-04,-8.660227946372139234e-05,-2.318449748922321119e-05,8.648291191534334408e-06,-2.894960129693893033e-05,-6.486767216373329735e-05,1.041390367438384680e-04,-7.506568206241124360e-05,1.826182381991730652e-05,-4.851924448828108874e-05,2.995971133740502447e-05,-2.711366368322555499e-04,1.101738998034857558e-03,-3.687618412493107742e-04,-1.672144657404849445e-04,-1.006573581479955955e-03,-5.831055663090558509e-04
1.486616460516948399e-05,-3.457622828229428140e-06,-1.307055429207542622e-05,-4.856817333938730436e-05,7.978430908333301131e-06,-3.190769099088314875e-05,-9.950201236623205204e-06,-7.180011245239476436e-05,-2.596214934872008036e-05,-7.062450288696569211e-05,2.781422067215612092e-06,2.584639139589103526e-05,6.689537531912876495e-05,3.970082016278134759e-05,3.458723258849054035e-05,-7.566265413810123832e-05,-4.721681301716036628e-05,1.601796481473299547e-05,2.265323885929760401e-06,8.184892501061203198e-05,-3.271074224595539546e-06,3.291580201792365049e-05,6.143099173319148593e-05,-3.302952771186553694e-05,7.821374118632862563e-05,6.636614749896506602e-06,7.150549942796972458e-05,4.276451625903232877e-05,4.446962101883930975e-05,-1.037883601467480934e-04,1.002488725982911971e-04,2.539557744693022104e-05,4.002341003176063984e-05,1.470854633515263424e-04,9.903172491204626469e-05,-1.029391785613495425e-04,-9.816875854420231695e-05,6.163703813974810708e-05,-8.376403591430785678e-06,-1.516530902722110283e-06,-4.292039421883508883e-05,-6.956809110595589784e-06,3.818765187071206460e-05,1.153838542871373174e-04,-1.715541286050823984e-04,1.125711568753472972e-04,-5.765629293683630563e-05,-3.810648392893895833e-05,2.524724942442387477e-05,3.428998312871456983e-05,-1.383165323437839447e-04,5.007068546859772245e-06,2.063954871825868665e-05,-2.688112023953173282e-05,1.000000000000000666e+00,-4.948545662137912690e-05,-1.498596231832652890e-04,-5.707876804938526822e-04,3.625015057630537834e-05,-1.518569788517997636e-04,-7.077469492650757072e-06,-5.575748709640292763e-05,-7.111015495590687239e-05,4.542216721509071851e-05,-1.846481418280631671e-05,5.654516341255943915e-05,5.304239987705753050e-05,-3.808020624593101347e-05,2.312797046648490742e-05,-3.860903757607573195e-04,-5.068568319651992613e-05,6.553539905156623418e-05,-2.826810887941673190e-06,5.343954562857506469e-05,-9.431053582580734528e-05,1.244796251433910312e-04,3.612425006886867677e-05,5.512728753750751915e-05,4.624306676631991441e-05,-5.436481848918813019e-04,2.256585107992544023e-04,4.881056935330178696e-04,6.194332907751669282e-04,-9.156393211309343371e-05
-2.132395767405676802e-06,9.681537030027670280e-09,-2.665655336800914045e-06,1.356653183683958108e-05,-5.931113753062247174e-05,9.488358542493339001e-05,-6.818512074447530269e-06,7.764070017607518177e-07,-1.778552898696944882e-06,1.228660887844450387e-05,6.539809413442577209e-05,9.461090509622958975e-05,7.067392515658790059e-05,2.326997818833288908e-05,4.411752631230492043e-05,3.460517066983205201e-05,-3.072039805916931647e-05,1.090359412828914229e-05,-1.631204351203854861e-05,8.168923097701553254e-05,-1.156266432923565383e-06,-1.648261259231054631e-06,-2.959941631220761008e-05,2.507644421538190443e-05,-1.858261595989205248e-05,-6.054879434246610232e-06,-2.585452400906662054e-05,1.097133687409719452e-04,-1.431223975012189823e-04,1.545186633181577524e-04,2.516286137011648077e-04,2.420005578698751058e-04,-3.093034420333703322e-05,-9.490556011813528273e-04,-2.352241592016168109e-04,-6.514620728772170695e-04,9.739351419059915065e-05,-2.059153167193765108e-04,-6.777767331300987809e-04,4.771438747415134040e-06,-4.201616734942682095e-06,-7.395340149003590746e-05,-2.013560292208883446e-06,2.142504131166561489e-07,-1.326637620203095780e-05,-4.308347807971076894e-06,-4.267786149432010686e-05,1.357236019975860322e-04,7.461236989900842500e-04,-1.259196025181014362e-05,-7.485116320098189266e-04,-7.208571418539593380e-05,2.719980784642324193e-05,5.460724704368131609e-05,-4.948545662137912690e-05,9.999999996466513164e-01,3.398816528183039114e-05,1.008775109609095838e-03,8.988995019824843214e-05,3.689107579790305239e-05,1.804619156061782565e-04,-1.326011649666920941e-05,-8.643396838462058377e-05,2.303106653161610595e-04,2.396239268943939262e-04,-6.875404990314316770e-05,-3.407979493206907389e-04,2.610635836214866053e-04,-1.430905079524932323e-03,-1.154670880851114815e-04,-8.093816737319398883e-04,1.741280786200109977e-06,6.209220526728800606e-06,3.025719896631753870e-06,9.546200503808805499e-06,6.320576759380984585e-06,-6.781450493983168508e-05,5.177010692628438283e-06,-2.697104879807005976e-06,1.599427845283809472e-05,-1.460632553557734465e-05,2.928448632959483491e-04,3.753866338074605220e-05,5.826624244967233213e-05
-1.255213191366572523e-06,5.582075026406164292e-05,3.801417697366820184e-06,2.757329787165085488e-04,-2.187912606100672445e-06,6.196004590573434250e-05,-5.993948949898275300e-05,2.431379846845401643e-05,-7.370140341636346708e-06,1.157131200345984835e-05,1.927605901325259397e-05,-3.151699601543104059e-04,2.046025869289507166e-05,2.394679048631653969e-04,4.354167002004245444e-06,3.165834834523563283e-05,-4.519076400584780967e-05,3.257286731100250297e-05,-6.182051927907964372e-05,-2.570976876023131630e-06,2.672199441585518552e-05,-9.043201452704822908e-05,1.316419432503035909e-06,-1.117135574750624023e-05,-1.560545211739544302e-05,-4.195583012061174314e-05,-4.820244750570745480e-05,8.633535103425643770e-05,-1.189755370461467894e-04,4.438992733627975131e-05,1.165775571712564847e-04,2.819854034701199490e-04,1.031063081202753320e-04,-9.006140282537180436e-05,-1.038288472255675162e-04,-9.165417802824301317e-05,-3.096821753519568392e-04,-7.146461300867510379e-05,1.992309665996205772e-04,-8.425358089721897968e-06,-1.023200380012771801e-05,-5.792179751874492193e-06,-6.097907343737690891e-06,6.798415074007826161e-05,3.656011637451208510e-06,1.784501797697779897e-05,2.090879231430992340e-04,1.022673346318614613e-04,3.144718193777781704e-05,-3.409592847384342734e-05,1.514474207392948329e-04,-2.680918392049456392e-06,-1.016915971442148799e-05,2.044131430076261092e-05,-1.498596231832652890e-04,3.398816528183039114e-05,9.999999991262171761e-01,1.905409572499792634e-09,1.039429325629414761e-04,-4.636867727741511395e-05,2.634426528759986142e-04,-8.600355737644288870e-05,-1.091954005622978362e-04,-4.551582880717661974e-04,6.303724045941847898e-04,1.054514595753516283e-04,-7.571715859280128734e-04,-1.582849373153455506e-03,5.441699390046617329e-04,-3.516540002970226786e-04,-3.839773146351074373e-04,-4.077506686177057240e-06,-2.751804425086517894e-05,1.728072387233522237e-05,-1.977118944764231022e-06,8.019162421424156674e-05,-7.989698862871565804e-06,1.592824580410189716e-06,4.974550521441373289e-05,2.583157900584213637e-05,1.298302792286966920e-04,-1.403049521728932155e-04,5.491200497816514040e-04,6.775220467228975328e-04
1.070481702848522952e-06,9.039811954380332602e-04,-4.323577727842007473e-04,2.052609432758907906e-02,-2.010786895693840795e-03,-4.542369717570554719e-04,7.100908167381476260e-04,4.561104345573699554e-05,6.347539821834749583e-05,5.766497696006139508e-05,-2.382881485640790003e-04,-2.014257133720200044e-03,7.306090004880328023e-04,2.314219972298645414e-02,-2.478351092625881522e-03,7.474493574202191459e-04,-4.881293502949791280e-06,-9.195843083427955068e-04,6.917854191851994551e-04,3.932673751442018230e-04,-4.277606628661699507e-05,3.188648844172113704e-06,-1.641190089889091775e-04,6.928958822360428596e-05,-3.677594565990895386e-05,-1.430972704948958664e-04,-6.640344607211899099e-04,3.855210159238836283e-04,-1.281881325250651404e-03,-1.694500409392161273e-04,-4.016559892502187881e-03,-1.260021183954473673e-03,1.274892819525063822e-03,2.069179582474131411e-03,-2.101567947994592914e-04,6.975225648999652459e-04,-3.151085770233587498e-03,2.292786639906873366e-03,-2.439982736870496306e-03,6.367306712898001251e-05,-2.969706635557653790e-05,-2.639949882093812689e-05,1.583173082376746106e-05,-1.159400856491207214e-04,8.134142274124644717e-06,2.325846175097699697e-04,1.415987169942309418e-03,2.140049105246042338e-04,2.150146706018535325e-04,-4.932925367524014157e-04,1.653820049871547286e-03,-2.563552416428140426e-05,-1.759795908087219765e-04,-2.691319740936208235e-05,-5.707876804938526822e-04,1.008775109609095838e-03,1.905409572499792634e-09,1.000000000000001998e+00,2.981194305196302094e-05,-6.467234072905011111e-05,-2.173312965327214700e-04,5.200610042660670394e-05,-9.436407007378404862e-05,4.278102687383035681e-04,3.325083258380244445e-04,4.016150056992398229e-05,7.854164897928410946e-04,-9.604379207216163193e-04,-1.408894450215019724e-03,7.404576890959572999e-05,1.182727293736382393e-03,-3.496416953474440176e-06,4.294338346038906434e-08,6.955319485340987921e-06,-9.373927609743347471e-06,-2.205644788035333927e-05,3.347495417053850467e-06,-7.481624382743050556e-05,-2.117969114635793787e-04,-1.616144057998682919e-04,1.121154132580423493e-04,-9.701714788501145678e-05,6.708888110536492810e-04,-6.177462783787775668e-04
1.075824556823032974e-06,1.380184153394378699e-04,-2.314179154296486804e-04,1.808231162291762536e-04,2.952939132754912226e-05,-1.210728871440668757e-04,-4.697269576811693200e-05,9.756920658396658137e-05,-1.135871658134643674e-04,-2.437167538334780031e-05,7.458382834015148989e-06,9.279343208641594029e-05,-1.825710456558127595e-05,-3.014620273621935196e-05,-7.244566403793089920e-05,-8.516941855079272240e-05,-2.490379670672547951e-05,-1.019234982982536453e-04,-1.176175042176490335e-04,1.193549965460549960e-04,1.837993860882670494e-04,7.268663639303611645e-06,5.497743011057946202e-05,6.642346667224622702e-05,-1.252489344684729836e-05,7.724847713260358508e-05,-1.087256965773957809e-04,-5.616913394349692945e-06,-3.699335222288207582e-06,4.663571687262436233e-05,-9.259338651827981118e-05,-1.088896271145885913e-04,1.403158716291833815e-05,-7.022069808476335065e-05,3.516855490210725466e-05,-8.082023308366055592e-05,-8.117522043323173453e-05,-1.362958175487385959e-04,6.021300395484110784e-06,-5.971325045407271243e-05,1.096001098178428154e-04,1.484120206728545971e-05,-6.584655692296341369e-05,2.732801098747359228e-05,-3.219552558859787098e-05,-9.852378865405203839e-04,1.536757779802542558e-04,4.484674778109351600e-04,6.140564774838874751e-04,-4.158600052559706731e-05,1.168644840671966841e-04,-6.478632489727509857e-05,6.460712085573606326e-05,-6.035053910356322627e-05,3.625015057630537834e-05,8.988995019824843214e-05,1.039429325629414761e-04,2.981194305196302094e-05,9.999999999477870993e-01,-2.523779943222441424e-05,6.163211996559891936e-05,-6.429078278225031085e-05,-3.909594149961725940e-05,-1.157192846493390603e-04,-1.091495273289368184e-04,-4.409544319694258530e-04,-9.648527243832916156e-05,1.770513272302629698e-04,3.133636958645158455e-05,-5.703082868896081005e-05,2.588869008319286927e-04,-7.497011741179366185e-05,-4.302754147078287697e-05,8.398181662198412646e-05,4.703924940603989614e-05,-6.594497440493571686e-05,-8.504379623073664990e-05,-1.032776960381352575e-04,3.557040681088084397e-03,-1.195288027479590731e-04,-3.079699758508497309e-04,-2.721995755515791478e-03,1.837177796387725031e-04,2.976602181756000942e-03
1.372971309201026908e-05,-9.562560266555109696e-05,-1.043465041261314717e-04,-6.446257314148516604e-05,-2.000662797394969392e-05,-7.322277754509207148e-05,-4.831777422392250473e-06,-3.843531323152869392e-05,1.334667413363285326e-04,-3.104145011608729597e-05,-5.707686279503201409e-05,-4.863682386873873355e-05,8.567842616081979695e-05,4.372424875981880483e-05,9.904395931029253287e-05,-8.940841222025664933e-06,5.698604944003949138e-05,1.291341529705828295e-04,-6.393074154791171851e-05,-5.280361379004713807e-06,7.555409064909025980e-06,-3.513986053760450277e-05,-5.603854182746300424e-05,-1.099567521416772915e-05,1.077545951635428781e-04,-2.928525956126087340e-05,7.922520761216644630e-05,-9.152283359723965232e-05,1.437663586248529371e-04,6.545095293617516491e-05,8.825082845738364476e-05,-1.738742351711543288e-04,1.444227840698303908e-04,2.255923637592936737e-05,-4.213613497699129906e-05,1.313045744091925759e-04,1.746755785362041360e-04,7.485647115854435207e-05,-7.855219717060253387e-05,-9.813104968326704855e-05,-1.456990839178535710e-04,1.814518274491122747e-04,-5.641632321570316756e-05,-9.255552028776894719e-05,-9.890299259458258663e-05,1.606651550889257561e-03,5.430466005679496916e-04,-6.815837095858917095e-05,8.179376728094875110e-04,9.223340288406600262e-05,-7.938342159739979523e-05,1.083167885448678278e-04,1.711718098375281105e-04,-8.041595444287783553e-05,-1.518569788517997636e-04,3.689107579790305239e-05,-4.636867727741511395e-05,-6.467234072905011111e-05,-2.523779943222441424e-05,9.999999999999988898e-01,-3.736473345112428790e-05,-1.718546821104088851e-04,-3.738937501179817602e-05,5.110336080767436187e-05,-1.301203925981458953e-04,1.214164092833217024e-04,-4.071380258015462605e-05,1.081563762750370472e-04,-2.517473767850442190e-05,-1.377482617249914344e-04,-2.686724540750591001e-05,2.043763934753993131e-05,-4.255293309017785914e-05,4.354108838111841843e-05,-2.898549679566800666e-05,1.146164004719916162e-04,3.417116920645239288e-05,4.915173857694015748e-05,1.250267858213687184e-03,-2.055873276760331395e-04,1.992609003110679469e-03,2.748557683670483070e-03,-2.358115409223279432e-03,-7.732507935093854354e-04
-5.603621725099844461e-05,5.462673438020942355e-05,7.790717454293213462e-05,-3.296747739185243334e-06,4.991439679022458887e-06,-2.027137785279185464e-04,-6.222306325839967514e-05,-1.135642697095147577e-04,2.856285847639173525e-05,-1.473256783363638216e-04,-9.340369469311568182e-05,1.031336443001401940e-05,-1.153355280507986635e-04,-1.707501960934838749e-05,-3.010605207436466637e-05,-1.874910218642401524e-05,-1.957572335492107490e-05,1.656922244135205884e-04,-4.451309552694690660e-05,-2.544146277428781938e-05,-1.451572889765151815e-05,6.975543055768085635e-05,-1.196984098673654212e-05,-9.281013427921700528e-05,1.599439709333355859e-04,-4.146581112008547579e-05,7.155764962343346238e-05,3.785199815642772449e-05,3.808054134095796919e-05,-6.727096895584646491e-05,9.074600410519410507e-05,2.672707583379581374e-04,-8.807153878902227221e-05,-1.774647652022206049e-05,1.824016258793080200e-04,3.787052387982433460e-04,1.459161681565839300e-04,3.336446972461271738e-04,1.759392451007961693e-04,2.543728600931413395e-06,-1.094335180146211416e-05,5.138681015108646083e-05,1.049896942237254832e-04,1.321087403924055097e-04,1.241070000394057984e-04,9.597676245467914955e-05,2.916718742044916400e-04,1.344316710476213203e-04,-2.189712545194435404e-04,-8.584356876572239725e-05,1.392152756944480528e-04,2.071013158053240248e-05,-7.474944795363321071e-05,-5.735092136968219438e-06,-7.077469492650757072e-06,1.804619156061782565e-04,2.634426528759986142e-04,-2.173312965327214700e-04,6.163211996559891936e-05,-3.736473345112428790e-05,1.000000000000002887e+00,-3.449031347707836453e-06,-1.939284893809822483e-05,1.224057300604902698e-05,6.231969543085691399e-05,-2.176704174435741684e-04,-7.153677356074028548e-05,-7.939356651326390235e-05,-3.374875054417969533e-04,2.103261496020841846e-05,-5.855639928278638575e-06,-9.041689281943469925e-06,7.129543277078977288e-05,1.253732018314424762e-04,-1.408497736277610477e-04,3.287495424062945003e-05,-1.554708423434957368e-04,-7.589099035777398597e-05,-1.463554422937801908e-03,5.594417867009677560e-05,2.273765478612007306e-03,2.059034708972705581e-03,1.538264919950151771e-04,5.228282927283792181e-04
-1.008122694147948453e-05,2.140492250047785453e-04,3.456401910324958431e-04,3.527497798265590608e-05,2.928026700098687596e-05,-1.425251581445356698e-05,1.073906621250502228e-05,-8.868401706971175327e-05,-7.173916618284667079e-05,1.044276809004273818e-05,2.779804152103260804e-05,1.177355795445162692e-04,-2.954700871375518824e-04,-1.481251374725248279e-05,7.308212329925485552e-05,-7.163828259221650778e-06,-3.436337469459720421e-05,-5.629249995308554556e-05,-8.432904235315001119e-05,-8.309405700691451652e-05,-2.208987449730517513e-04,1.046087592217154021e-04,2.745132139602365781e-05,-1.164738033001238692e-04,5.420580842025178895e-05,-7.679843128055137077e-05,2.021336613353235783e-05,-4.294088501170193611e-05,6.652268445491316823e-05,2.379159614454399736e-05,6.988933479828231309e-05,7.902718518955467774e-05,-1.760969083792643212e-04,3.387733837292850048e-05,9.927754501090215009e-05,6.946292418657032397e-05,1.981652535791788926e-05,7.114184841776040541e-05,-2.996932113609090183e-05,-9.378382561074823098e-05,4.658008442166329532e-05,-6.227260840992682536e-05,8.088789270080715588e-05,1.277013789038115681e-04,4.238541090038428286e-05,4.225814617094097981e-05,-7.059035897815822084e-06,-4.899704280399212698e-05,-9.140556880887296468e-05,-5.578934705846535808e-05,6.732760467375784302e-05,-1.236331956660271635e-05,-4.093830330006748182e-05,-9.734426827149144225e-06,-5.575748709640292763e-05,-1.326011649666920941e-05,-8.600355737644288870e-05,5.200610042660670394e-05,-6.429078278225031085e-05,-1.718546821104088851e-04,-3.449031347707836453e-06,9.999999999085826818e-01,8.300970772802168576e-05,-1.643374807030334450e-05,1.718648989951221395e-05,-5.790978257397706025e-05,-4.119305188837740772e-05,7.644275135110234487e-08,4.666166643139263437e-05,5.570419604353433248e-05,-4.506445963493505339e-04,2.827134104471034647e-05,1.678359769246398793e-05,6.177663594649149270e-04,1.974612627576933285e-04,-2.221267088536524326e-05,-1.089041538684709019e-04,-2.099068596033435222e-05,9.254265999175809165e-04,1.039045000825536413e-04,6.680856656198657685e-04,1.317693404720834960e-03,-1.089802553234731422e-04,-5.712228806777032084e-05
5.127908506650489756e-06,3.622689211227797849e-04,-2.046008690659632768e-04,-4.901878171301166098e-06,7.922554576063480609e-05,2.721140032711941647e-05,9.180747912751997743e-06,3.947725233130849849e-05,4.543989375535586691e-05,2.725680590444033420e-06,-2.424426559955340511e-05,2.747326724389818550e-04,-6.940931062116419224e-05,9.092655408466751468e-05,3.309953509409468736e-06,4.200690330463976421e-05,-9.934239672858074469e-05,-2.864234929144761409e-05,3.262875692457709378e-05,-4.569131756464045062e-05,2.419238463401208235e-04,2.169649454779481491e-04,8.553725747711981610e-05,1.838408694947475793e-04,-1.731307618378008430e-05,4.418659635203105738e-07,-1.182385978005994092e-05,-2.151359547091723744e-04,-1.502356940908996380e-04,4.701069067331316406e-05,-4.760241648712381030e-05,-5.285876766752427617e-05,-1.717038416045035820e-05,-1.254054240728804184e-05,3.983522735404856560e-05,5.913233600628176045e-06,-4.405513949588475730e-05,-5.699715411275123008e-05,1.035574665911240120e-04,1.031985360507130245e-04,3.355127317184337238e-05,9.581547142265341317e-07,1.304741839253351109e-04,1.435339077851364997e-05,-8.131300763546990551e-05,5.508864545036027197e-06,-1.404536051035564729e-04,3.195599889669486658e-07,-3.697750297333691170e-05,-3.400519767599620842e-05,5.414032762538449747e-05,1.273162019942478650e-05,-7.582173796891711305e-05,-4.122643656207577046e-05,-7.111015495590687239e-05,-8.643396838462058377e-05,-1.091954005622978362e-04,-9.436407007378404862e-05,-3.909594149961725940e-05,-3.738937501179817602e-05,-1.939284893809822483e-05,8.300970772802168576e-05,1.000000000000000888e+00,-3.949501788585996209e-05,-6.452870912726732609e-05,8.054933653498311252e-05,-5.082002318496092741e-05,9.863711704002561809e-05,-4.433981940724887778e-05,1.996029540605105570e-04,-1.095574560167115829e-04,1.932140208212875486e-05,2.707609244239463705e-05,1.795539918657562423e-04,-6.376602404477267963e-04,7.981104571814167346e-05,-7.576135714727587345e-05,8.627257496406971239e-05,-1.102128658178621809e-03,-1.859077606557752588e-04,8.008123188532993708e-04,5.964322561110776966e-05,-1.666353267664680976e-07,-7.931425109576183824e-05
4.497291401830093554e-05,6.129388109521786109e-05,-4.746193584149403224e-05,-1.654745992283362236e-05,-5.786630958739022001e-05,9.349561835442601106e-05,-1.290385937502062214e-04,1.543229591177210395e-04,2.270951978879986782e-05,-4.248874055469377062e-05,-1.250909732118394690e-05,-1.270838438521501058e-05,-1.413261819214941400e-05,4.181551128047615953e-05,8.642573890282683694e-05,9.577288859491651072e-05,1.326173582487546305e-04,-2.183531234421174369e-05,1.399020738675427959e-04,-1.807391979856645572e-06,1.038832166551430258e-04,9.202405913531829049e-05,-8.954200085998697200e-05,-2.132003796517605281e-05,-9.812275996446457487e-05,1.076710875741960702e-04,5.106269385713732090e-05,8.221307909900258293e-05,1.402389101885333157e-04,1.912293239784565923e-04,-6.068227041462585791e-05,1.348903012032918319e-05,5.417235119074999272e-05,-8.602854335796467078e-05,7.187691257259411215e-06,-3.896484328575616773e-05,1.679108668663515519e-04,-1.233297835727710512e-04,4.003279678683548430e-06,2.981318438803962079e-05,2.316751964500729857e-05,8.109726668146730044e-05,6.229517667490341165e-05,-2.663859334565889941e-05,-8.217099523343809539e-05,5.457278285177853856e-05,-1.128467458177915281e-04,5.391058152343184296e-05,-3.041713068083466307e-04,-1.170782798709837349e-05,-4.897026939842686602e-05,5.543204302238227454e-05,-4.575614525860626403e-05,-1.076033864448763767e-04,4.542216721509071851e-05,2.303106653161610595e-04,-4.551582880717661974e-04,4.278102687383035681e-04,-1.157192846493390603e-04,5.110336080767436187e-05,1.224057300604902698e-05,-1.643374807030334450e-05,-3.949501788585996209e-05,1.000000000000002665e+00,1.537900212908449582e-05,-3.256400149531657462e-09,1.312539079090235816e-07,3.530560560928571682e-05,4.379361192898001409e-05,-1.383971873670945059e-04,-1.801138718214720315e-04,-2.250548509926541966e-05,2.118898373226323897e-05,3.032132360392147431e-05,6.033349233829326912e-05,1.491197323685122637e-04,-1.760388288404987275e-05,9.237204467555173992e-05,3.532627364800696584e-04,-4.157744056787417326e-04,4.108252729719784335e-04,-4.796606273573013335e-04,-6.993273360049196558e-05,-1.941889591581744123e-04
2.836608609790315910e-05,-1.295511706438763014e-04,7.018846663722896548e-05,4.428353681240100462e-05,5.741561234585807979e-05,4.450755683126870208e-05,1.125716983689958016e-05,5.557681626908216391e-05,-3.654639805519566278e-05,-8.288744988757187904e-05,3.920512728981025846e-05,3.383377738339510971e-05,-2.441138078335602576e-05,-4.897098652808182793e-06,4.763760055277597083e-05,-9.895842382049775026e-06,-1.036395389386259470e-04,-4.863615064934229820e-07,3.249338295826517198e-05,-1.069956268144857609e-04,-5.312692244194337863e-05,-6.543859072971792848e-05,3.803303066027730224e-05,-2.067044728629420177e-05,2.699265611240056354e-05,-2.043864694373094234e-04,-4.272779890897819696e-05,-5.604653196788778871e-05,-5.363646147084329488e-05,-1.286427926867460964e-05,5.891714578256518342e-05,-5.918852678472516504e-05,5.156214415996370273e-05,3.028227156769147665e-05,-2.299535868793660398e-05,-2.646358460735320252e-05,-8.691740008721308280e-05,-3.044359325344268841e-05,7.648915025807890710e-05,8.771436444418578837e-05,4.493573850053184798e-05,-2.827722351865773892e-05,1.239328576647328456e-05,-3.726652677602144970e-05,-3.981966994236153454e-05,4.192497882004686625e-05,6.270058494346275949e-05,1.276187208768291741e-04,-4.794831536176840606e-05,-2.685771655132009506e-04,6.494935148499347225e-05,9.593947894056035174e-05,5.103991359133638189e-05,8.192194842342149456e-05,-1.846481418280631671e-05,2.396239268943939262e-04,6.303724045941847898e-04,3.325083258380244445e-04,-1.091495273289368184e-04,-1.301203925981458953e-04,6.231969543085691399e-05,1.718648989951221395e-05,-6.452870912726732609e-05,1.537900212908449582e-05,1.000000000000001110e+00,-4.939342039286809261e-05,5.675749099486168334e-05,-1.790502738227561785e-07,6.550194553422983290e-09,9.878422840858602566e-05,-2.801039783622267620e-05,-3.874518328209545614e-05,6.032298299008393956e-05,-1.014739023906484610e-04,-5.461401570733661129e-05,-1.416565771606270036e-04,-1.031839295442115324e-04,1.133206794123641295e-04,-2.621302846637155182e-04,1.861329623400213504e-04,-1.047880901134700879e-03,7.342637610744458428e-05,1.488264130244214278e-04,2.487193630862786012e-04
-1.665062661619189560e-05,-1.244157713909982855e-06,-1.398707688723677925e-04,1.927093546033778986e-05,3.571156643827010611e-05,4.567567710483636412e-05,2.447262908923134595e-06,7.153411814226108014e-05,2.378246758957792105e-05,-7.680374716371651464e-04,1.491094250170896902e-04,-4.074755650799381616e-06,-4.762083569134810748e-05,5.964330813914984130e-05,-1.024087545514723422e-04,2.511464693447919240e-04,-1.128174677530169030e-04,3.845282758687857435e-04,1.601253797517071065e-04,-9.180998519309388191e-05,5.928428874793102558e-06,-9.071701873162506214e-05,6.292479479019883349e-06,-9.729026470517258829e-05,9.489711602676962276e-05,6.405510910597042920e-06,1.096459226077164733e-04,-2.626146119200940127e-04,-2.626534985349310639e-05,-1.270944476208230435e-04,-1.123879924222149704e-04,1.117264982783677113e-04,-2.060084454938785866e-04,-9.430018265760232912e-05,-4.081425569985638185e-05,-1.204795748175231662e-04,-8.136157834011652906e-05,-6.012169390736191166e-05,-1.045946912542702160e-05,-7.946057591849659636e-05,-1.058045494967959710e-05,-1.350814212031861564e-04,1.483526531454767115e-03,6.566874386991841672e-05,1.183194169771359557e-04,1.803495928007676791e-04,5.236419072508637735e-04,5.657522419670135781e-04,2.295019394465720860e-04,4.125463806591337344e-06,7.870308830424782012e-05,-3.191136274739076774e-04,4.452387677981875860e-05,-1.576228079516032478e-04,5.654516341255943915e-05,-6.875404990314316770e-05,1.054514595753516283e-04,4.016150056992398229e-05,-4.409544319694258530e-04,1.214164092833217024e-04,-2.176704174435741684e-04,-5.790978257397706025e-05,8.054933653498311252e-05,-3.256400149531657462e-09,-4.939342039286809261e-05,9.999999999999994449e-01,-5.952636403239175422e-08,-5.595612990456910740e-05,7.970422920625108709e-09,2.036475168320610386e-05,-4.321698212363834102e-04,1.703380999364426132e-05,-1.196036489506926623e-05,4.715407411493333675e-05,6.202132370195932894e-06,-5.557529684122042291e-05,-4.628885658944568407e-05,-7.033134088314536153e-05,-1.099288825864574992e-03,-6.839610757057544566e-04,2.466257074030010765e-04,-2.103502592147418922e-04,-4.166787412713743310e-05,-2.458630789023510434e-04
8.041004285089989572e-06,1.036239085241209325e-04,-4.800766782184136836e-05,-8.127263578805351543e-05,1.781489570233287922e-04,-1.402453644766668344e-05,-2.329989298510881977e-05,2.483245293446802475e-04,-2.521073384006409818e-05,-2.376844573228828472e-05,-4.405284132311371962e-05,8.320835246563434984e-05,1.160591790131759813e-04,-1.281766174369129486e-05,-9.890012659803846759e-05,-1.418396926026542059e-04,-1.776760992902515148e-04,-2.854848135899268943e-04,-1.055919920173156636e-04,-8.457240755795178595e-05,5.764683336115456261e-07,-5.117351697748667781e-05,-1.305979565461685640e-05,1.439328117044838366e-05,-3.099522662957923593e-05,5.398167059590974510e-05,-1.148957517510834517e-04,-1.325537099826573986e-04,7.963961223264202569e-05,-7.995280048490177593e-05,6.454356381773254138e-05,4.080589717914487324e-05,-1.568063365137289944e-04,8.043886223249802417e-05,-9.122475466870338945e-05,-1.942373026387958501e-04,2.012505320053035660e-04,1.152114721122061460e-04,-2.811113341709368658e-04,-8.995024297457545476e-05,1.281774515224068552e-04,-8.670247655762639352e-05,-2.827428296344738565e-05,3.838689429761757595e-05,1.254667411402398856e-04,5.509407078206022407e-04,6.430488356340009195e-04,-6.211994213940258067e-04,-4.166915109968419122e-04,1.253836696204151764e-04,-3.608445643707975758e-05,5.757350991826939209e-05,8.265346258284702349e-06,-4.337632304429191827e-05,5.304239987705753050e-05,-3.407979493206907389e-04,-7.571715859280128734e-04,7.854164897928410946e-04,-9.648527243832916156e-05,-4.071380258015462605e-05,-7.153677356074028548e-05,-4.119305188837740772e-05,-5.082002318496092741e-05,1.312539079090235816e-07,5.675749099486168334e-05,-5.952636403239175422e-08,9.999999999999988898e-01,4.783550096613617408e-08,-7.018089763413670745e-05,-2.319459089972337963e-04,-3.582188523062599023e-04,-2.756578749493011687e-05,5.788658727617706449e-06,9.768767626747534329e-05,1.174241781415109615e-04,1.494082404712654757e-04,-4.840982298204375006e-05,7.476365857335756648e-05,-7.481445436372993057e-04,-5.334743600377347961e-05,-2.444817590074623015e-04,-1.067384031160313260e-03,4.661131676674755940e-04,2.388915577834205967e-03
8.418702613576023507e-06,-3.690553407956101255e-05,-1.242511120294638579e-04,1.427506122024864324e-04,2.877831854644966308e-05,-6.412546291733464622e-05,3.315097386232299077e-06,-2.666307552860273244e-05,5.919021701295856163e-06,-1.444566040182141894e-06,9.749178795647427120e-06,1.699520043990914581e-05,-1.255690884749390349e-04,-1.796406525915745643e-04,6.089086415982024824e-06,1.451239592247595585e-04,1.525971107959544180e-04,-6.500367283099296126e-05,-1.226567370207355245e-04,-3.385950146000201062e-05,6.379602546299702366e-05,1.942926571600718457e-04,3.440397849484050797e-05,-3.232285964371663686e-05,-9.025330643389458058e-05,-7.070931106712978107e-05,2.555039108250781979e-05,-3.082790909689474973e-05,-2.055189327402912741e-04,1.066902286989889967e-04,3.320019232861811873e-04,-1.210757223681383984e-04,-5.451521333709862666e-05,1.242642602481535546e-04,4.753381502510534151e-05,-2.750632639493657064e-04,-1.967514201370586073e-04,1.406601253896256828e-04,2.146043685947886096e-04,-1.768762854368211707e-05,2.124115601606210366e-04,-1.021089548967814981e-05,-2.202514782885457885e-05,2.132863406692020805e-05,-6.930114665344250203e-05,5.515637509793466656e-04,1.333073911552738397e-03,1.188728341014589187e-04,-1.474961274887140288e-04,1.289665302666502490e-04,-3.935064486642412401e-04,-4.245130575782901238e-05,1.794982005263509714e-04,-1.997300678025999200e-04,-3.808020624593101347e-05,2.610635836214866053e-04,-1.582849373153455506e-03,-9.604379207216163193e-04,1.770513272302629698e-04,1.081563762750370472e-04,-7.939356651326390235e-05,7.644275135110234487e-08,9.863711704002561809e-05,3.530560560928571682e-05,-1.790502738227561785e-07,-5.595612990456910740e-05,4.783550096613617408e-08,1.000000000000000444e+00,7.448515695546165105e-05,-1.847247100043817735e-04,1.071837613001992663e-04,-1.860731510814360838e-05,1.364754678274997723e-05,-9.008996576601860026e-05,-2.723972252707492804e-05,2.361821394019597391e-04,-1.160967364036667726e-04,-1.433376003266398531e-04,-2.681794373246004781e-04,-1.090247098453570734e-04,-2.341362540599961975e-03,-2.279258035162381839e-03,1.779528266831264388e-03,7.660686820951181919e-04
1.838633707558101247e-05,1.017280916139428172e-04,5.935770625186696022e-05,-1.641060231203646897e-04,7.171640987599251036e-05,1.116325445326456093e-04,-7.848984648397040200e-05,-1.468383681973801837e-04,-8.695739881707074557e-05,-1.630915920440162165e-04,-9.966219867304690859e-05,6.427142127630298095e-05,-3.541168620124833348e-05,-6.802640359307833231e-06,2.341384591719683923e-05,-7.777905147789913442e-05,1.622278362613856911e-05,7.502904613327114267e-07,4.622161710084285490e-05,6.243197765346333861e-05,-2.018971233596858172e-05,2.487610001120923141e-05,-2.165905035034047799e-05,-5.686341673071071781e-05,7.022527201436322246e-05,-1.643685490015957262e-04,-1.272271641069430887e-04,-6.610397653370619388e-05,-1.161033021234727201e-04,2.297732088430565200e-05,1.644960422564926625e-04,1.132509944480378206e-04,4.161852122747317691e-05,8.966034349297004845e-05,3.422109627846618013e-06,2.567233973690477566e-04,-3.248190507143463050e-05,1.949309374414608077e-04,-4.999058229044376581e-04,6.775765854440511942e-05,-1.274554571256239261e-05,6.393563704288479643e-06,1.154711744002295207e-04,8.878855899354352876e-06,-3.628279466058852848e-05,3.452254506130462280e-05,-3.483609620033388922e-05,1.039461571370397597e-04,-9.692826613550803135e-05,-2.157045647692190150e-04,-1.982984655498614562e-04,1.601780941704018064e-04,1.679149084778342664e-04,-8.660227946372139234e-05,2.312797046648490742e-05,-1.430905079524932323e-03,5.441699390046617329e-04,-1.408894450215019724e-03,3.133636958645158455e-05,-2.517473767850442190e-05,-3.374875054417969533e-04,4.666166643139263437e-05,-4.433981940724887778e-05,4.379361192898001409e-05,6.550194553422983290e-09,7.970422920625108709e-09,-7.018089763413670745e-05,7.448515695546165105e-05,1.000000000000000000e+00,-6.806680968497802258e-05,-2.287090159757614938e-04,-2.458996914287674699e-05,2.766744152066827030e-05,1.670396632942735486e-04,-8.338033176365092572e-05,3.795112448681933412e-05,2.115216958396325467e-04,6.735322820939412120e-05,6.714638251798625557e-04,1.029111641823233537e-04,1.063392774508736469e-03,1.875280559485296636e-03,7.839645486660239138e-05,4.222506991925778497e-04
2.517121403045342854e-04,4.378992264589652442e-04,-1.486689996855913539e-04,2.552261984324295579e-04,-1.697955016330639547e-04,2.660464299657501583e-04,-1.246329452364391618e-03,-4.037120510571604254e-04,-2.694290417437095208e-04,3.877242314487567968e-05,1.216422737490950866e-04,2.347296460990964332e-04,5.019888469725001428e-04,1.204874878604437344e-04,-6.823604696070596927e-05,1.497118376817184633e-03,6.425104204042315003e-05,7.394334950377526587e-05,5.892783864539626537e-05,1.657619252361590976e-03,2.759210771607386307e-05,-5.988057044069653307e-05,-2.866745165971703080e-05,3.731760881981140067e-05,-4.548330259824273918e-05,2.668682542323469464e-05,-4.571683474665120357e-05,7.402339651401302224e-05,-2.955861803242171727e-04,2.188438995226845069e-04,-3.483299009228661269e-04,-4.304272537576107671e-05,-2.479446628335337703e-04,3.439139572965084469e-04,-3.516755807845927512e-04,-4.943593774562019157e-04,-1.370871038535354013e-04,2.303198252696143531e-04,4.424714637004176568e-03,4.276392478657379338e-05,4.419224546676072762e-05,1.715918013856736524e-05,-3.060125833373491112e-05,1.790431529798567148e-04,-8.143057299883902148e-05,-1.156190656897242196e-03,-1.124557906357680085e-03,-1.162070987126638099e-03,1.040064134617114597e-03,-7.028321492020400685e-05,5.666800194122773027e-05,5.987436066575061144e-05,2.048929873909661385e-04,-2.318449748922321119e-05,-3.860903757607573195e-04,-1.154670880851114815e-04,-3.516540002970226786e-04,7.404576890959572999e-05,-5.703082868896081005e-05,-1.377482617249914344e-04,2.103261496020841846e-05,5.570419604353433248e-05,1.996029540605105570e-04,-1.383971873670945059e-04,9.878422840858602566e-05,2.036475168320610386e-05,-2.319459089972337963e-04,-1.847247100043817735e-04,-6.806680968497802258e-05,9.999999603630007616e-01,-7.034761948617916042e-09,-5.709966388904751306e-05,4.689649278195038348e-05,-2.877452867127714483e-05,-5.763125820937124213e-06,4.974934903696595666e-05,-5.496793632741577918e-05,2.754994088045176282e-05,2.994861582205970638e-05,8.478769661691683366e-05,-5.859320511740365254e-04,-2.087829014974125214e-04,-5.650422237862259616e-04,-2.641554984905605916e-04
-1.733244662067583275e-05,1.930247213164907228e-04,9.443685499268617608e-04,3.092535914102957921e-04,1.308552231735150752e-04,-2.435970585399777348e-04,-3.133418876848909464e-04,-1.091638156450030692e-03,-9.969872210340243769e-04,8.894815900979143432e-05,2.901305019403053009e-05,-2.758653055910139626e-05,-4.567115718238986958e-05,2.733259212521242312e-05,-1.420354029072000532e-04,2.011742649620854029e-04,-5.826809201227921113e-04,-4.504145344667598045e-04,-2.313475687396715074e-04,1.450234267052910933e-05,-1.432630004543815618e-05,-2.526829965063921783e-05,-4.309335203155622276e-06,-8.786313774988962892e-05,1.393588118310984565e-05,1.648636709329966837e-02,-1.368793792945188076e-02,-4.500751576919991372e-04,1.240497389651691032e-03,1.512485539549731327e-03,1.567161501085228832e-04,-2.210947071811329018e-04,-1.283215525646683175e-04,-5.661063529189727227e-04,7.568963620246211763e-07,-3.196843687905430095e-04,-3.793202092279871970e-05,5.952749162558201509e-05,2.233756260109676789e-03,-3.801826774608851195e-05,4.242348079983117900e-05,1.634447970069890680e-05,-4.819791409511754422e-05,9.804776733797138373e-06,1.245619934747081958e-05,-2.773420962347825525e-03,2.536363286037479105e-03,2.371985197424268839e-03,3.137558635365867484e-03,-9.199822315059009992e-04,-2.149285120642319830e-03,-1.147455450352067593e-04,-3.301096766750580074e-05,8.648291191534334408e-06,-5.068568319651992613e-05,-8.093816737319398883e-04,-3.839773146351074373e-04,1.182727293736382393e-03,2.588869008319286927e-04,-2.686724540750591001e-05,-5.855639928278638575e-06,-4.506445963493505339e-04,-1.095574560167115829e-04,-1.801138718214720315e-04,-2.801039783622267620e-05,-4.321698212363834102e-04,-3.582188523062599023e-04,1.071837613001992663e-04,-2.287090159757614938e-04,-7.034761948617916042e-09,9.999999999999990008e-01,-3.736595562757419629e-05,-2.914486110228926003e-05,8.296341093058969809e-05,6.060379744090344016e-05,5.190422868410475728e-05,-5.865464645589047094e-05,-4.652706408333382403e-05,-3.990530310088109866e-04,4.548746971538973507e-04,-1.328656754300287053e-03,2.423582392859253021e-04,-1.357206256862843945e-04,1.442022745975308703e-05
2.068725392341096085e-05,8.368713842065956808e-06,5.440921726038794221e-06,4.377376031896906871e-07,1.570231966933219667e-05,-5.287938593234069442e-06,-1.012384506592281175e-05,-1.957045999435305393e-05,5.544980371179543020e-05,-1.200016068571580771e-04,-2.943858685408229904e-06,-1.953619500880988201e-05,-2.520476844728564668e-05,-2.615988232945338433e-05,4.376402407124134461e-06,-2.003888481821069806e-05,-8.006149074438209342e-05,5.153159215751904228e-05,1.429328245668118634e-05,2.808365466414251247e-05,1.107085480247143244e-04,1.803606839703783148e-05,-8.178366223349472553e-06,-6.549456727707952486e-05,-1.199446147102666861e-06,9.921672968827344940e-07,-9.929811196627698583e-06,-4.497143614136308996e-05,-1.456213690142155878e-05,3.503900355827708720e-05,3.321300594622056873e-06,3.344992631128148848e-05,-2.051106502989987520e-05,3.096928432468706611e-05,8.642075230388794005e-06,5.450191024798532242e-06,-2.188747000953276088e-05,1.169601857436613354e-05,8.332659844976791924e-06,1.790482827356430822e-05,-2.238916668855586722e-05,-1.596681927150489123e-05,1.612935263219995421e-05,1.126519112763986293e-05,2.530575512643902659e-06,-3.638787614174562271e-05,3.697805508211605407e-06,-7.911464289921573467e-06,-2.353652538306358184e-05,6.735624512930336435e-07,1.678748046562784493e-05,-9.301399527200050125e-05,-2.446225603087707925e-05,-2.894960129693893033e-05,6.553539905156623418e-05,1.741280786200109977e-06,-4.077506686177057240e-06,-3.496416953474440176e-06,-7.497011741179366185e-05,2.043763934753993131e-05,-9.041689281943469925e-06,2.827134104471034647e-05,1.932140208212875486e-05,-2.250548509926541966e-05,-3.874518328209545614e-05,1.703380999364426132e-05,-2.756578749493011687e-05,-1.860731510814360838e-05,-2.458996914287674699e-05,-5.709966388904751306e-05,-3.736595562757419629e-05,9.999999999494084690e-01,3.572667346813893920e-05,-9.095339570649501801e-05,-1.313140534149259621e-05,5.706634714543617505e-05,1.531793874267241165e-05,-5.773103380643163280e-05,3.963770228758144864e-05,5.561253561072179247e-05,-4.775788054581018004e-05,-1.419279674951811972e-05,5.436326438380099940e-05,-3.827997946032483446e-05
-1.026157261676483847e-05,2.705478565462011407e-06,-2.166393985167293469e-06,-4.279159301241174953e-06,5.626167480999172139e-06,3.194074789437548390e-06,1.461688777032435779e-05,1.391945693292902779e-05,2.433805476063162672e-07,-3.574912996190386823e-05,-5.418724213420042740e-06,-9.187813101719542128e-06,-5.597327259847814399e-06,2.651596387423783577e-07,-1.980776396037123425e-06,1.162582481264340659e-05,3.380713773223124966e-05,5.449592354696171099e-05,4.093901827890896730e-05,-2.064219798107154262e-05,7.791681637975037228e-05,5.851875703065052608e-05,-6.995882392641075069e-06,-2.455693128389285697e-05,-3.685541372465622118e-07,-3.696795108453284975e-06,6.617477850738963732e-05,1.219442724919328163e-06,-2.340809977533390643e-05,2.355559623795251486e-05,1.235549393295264030e-05,7.398453283374234002e-05,6.649906464741433567e-06,-3.764650007282611689e-05,-1.561672961234411748e-05,2.478863320563679957e-05,1.372751540465039493e-06,2.768101095867664201e-05,6.034582668043562924e-06,-2.682674094110347219e-05,-4.194465513270047969e-05,1.443234154542671160e-05,-8.888404171795082179e-06,-9.748174617569544786e-06,-7.329535979960449863e-06,-1.477796773777352316e-06,-3.356388827652483520e-05,9.719885539492325251e-06,-5.924450953413432597e-06,-3.880043759902218473e-05,-1.611717582496136292e-05,-3.198742332720207258e-05,2.437381281577191542e-05,-6.486767216373329735e-05,-2.826810887941673190e-06,6.209220526728800606e-06,-2.751804425086517894e-05,4.294338346038906434e-08,-4.302754147078287697e-05,-4.255293309017785914e-05,7.129543277078977288e-05,1.678359769246398793e-05,2.707609244239463705e-05,2.118898373226323897e-05,6.032298299008393956e-05,-1.196036489506926623e-05,5.788658727617706449e-06,1.364754678274997723e-05,2.766744152066827030e-05,4.689649278195038348e-05,-2.914486110228926003e-05,3.572667346813893920e-05,1.000000000000001332e+00,-7.614171602728138648e-05,5.049578221036747920e-05,9.855682184945624294e-06,-2.786796107121019352e-05,1.077349683135206431e-04,6.147335541714502765e-05,-3.080271817423207002e-06,8.562559081978736160e-05,-6.305167273626836118e-05,8.446520652641090752e-05,-3.395914892678120374e-05
3.704535164943915237e-06,4.005629339313201490e-06,3.524399144386783989e-06,-1.250651242996198687e-05,-2.385252677905701861e-06,6.120560143642246901e-06,1.895072168444627623e-06,-2.384716078299329475e-06,-1.089924060816169573e-06,1.791806508048981203e-05,3.293485480073353976e-05,1.039028652423210238e-05,-1.154105559874337263e-05,1.924221369619373242e-05,2.235221463126426695e-06,9.223112570001690161e-06,8.663646765086574036e-06,6.520804413142694683e-06,1.314204718872549239e-05,7.172104098832339205e-06,7.788821671822200544e-05,-1.489012357084380138e-04,1.160312406868236083e-05,1.152545079197635311e-04,9.452408107236661208e-06,6.993993107536953624e-06,-7.835126171016904153e-06,-1.152917823664948495e-04,-4.696531962295782926e-05,4.131336604923861158e-05,2.368866452593470747e-05,3.515650431527053395e-05,-1.082936791781905503e-04,1.578061794259085653e-05,1.310645007741939128e-05,1.188764938572621239e-05,3.211515852938964810e-05,3.395165346372269527e-05,2.406058717814778220e-05,6.640152856353087856e-05,-3.036675285141689237e-05,-6.961832316145486789e-05,-4.344471513629807934e-05,9.856395266921414388e-05,-8.410298381679852408e-05,1.047797287693786597e-05,-1.093316741394905286e-04,2.350769528829087037e-05,8.604668052241052733e-05,-3.745844297575167406e-05,3.257182601542627572e-05,-1.847567478053949500e-04,-1.092653119643305668e-04,1.041390367438384680e-04,5.343954562857506469e-05,3.025719896631753870e-06,1.728072387233522237e-05,6.955319485340987921e-06,8.398181662198412646e-05,4.354108838111841843e-05,1.253732018314424762e-04,6.177663594649149270e-04,1.795539918657562423e-04,3.032132360392147431e-05,-1.014739023906484610e-04,4.715407411493333675e-05,9.768767626747534329e-05,-9.008996576601860026e-05,1.670396632942735486e-04,-2.877452867127714483e-05,8.296341093058969809e-05,-9.095339570649501801e-05,-7.614171602728138648e-05,1.000000000000000444e+00,1.675154771610858827e-05,-7.906558552024528790e-05,1.719412277150793767e-05,1.598866493512595918e-06,-6.285239707128650963e-05,5.157837049707663518e-05,-2.422356492554792276e-04,7.325440017076487913e-05,-8.144001925024567737e-06,5.796702175860658351e-05
-2.212121857634443134e-07,-1.585470771645571182e-05,5.779515554742545278e-06,5.991717850155894625e-06,5.758095256756650006e-06,-3.502704679032378758e-06,1.967786194574292287e-06,-2.323238510313680214e-05,-4.072631135247567138e-06,2.862041443869127512e-05,-1.931393861165089595e-05,-5.928735370322149356e-06,9.250978724425915623e-06,1.946688676365959585e-05,1.783966695292660241e-05,6.657992399923681141e-05,5.398389758151805420e-06,-1.101023060878044866e-06,6.410407069974196080e-06,4.729369259549690040e-05,3.715637705519508525e-05,3.597176865303381246e-05,2.855228776614236481e-04,-8.760674962605796538e-06,3.048221739665220450e-05,3.404154987311595294e-06,7.940595891293399789e-06,-4.861575193380240835e-05,2.465930151759283058e-05,-3.011023734670249089e-05,-5.466985947046773791e-05,4.862352186673114265e-05,1.257427560664436408e-05,-1.403622868769504131e-05,2.823617291899526983e-05,-3.949831192218305307e-06,7.773619373252840803e-05,-6.654559591501659930e-05,-8.465061317923177979e-05,-2.600473980091837491e-05,-2.584622545328724738e-05,-7.678388333853377527e-05,-5.813261557794535971e-05,4.550165154253332821e-05,1.024548032685003863e-05,5.095860011882383535e-06,4.239782342164173776e-05,-7.600003770902939823e-05,-1.036857196248462925e-04,-3.883715660688831999e-05,5.925846293289239921e-05,6.315463618876137892e-05,-4.985365107972772770e-06,-7.506568206241124360e-05,-9.431053582580734528e-05,9.546200503808805499e-06,-1.977118944764231022e-06,-9.373927609743347471e-06,4.703924940603989614e-05,-2.898549679566800666e-05,-1.408497736277610477e-04,1.974612627576933285e-04,-6.376602404477267963e-04,6.033349233829326912e-05,-5.461401570733661129e-05,6.202132370195932894e-06,1.174241781415109615e-04,-2.723972252707492804e-05,-8.338033176365092572e-05,-5.763125820937124213e-06,6.060379744090344016e-05,-1.313140534149259621e-05,5.049578221036747920e-05,1.675154771610858827e-05,9.999999999999985567e-01,-6.019906239647527244e-05,-1.346466700317719661e-05,3.255590780994165598e-05,-8.039287575612876044e-05,-2.706802758932488700e-05,3.229690612161028695e-04,-5.191342359442108450e-05,-9.843250410824614944e-05,4.194401553247025178e-05
-9.652335911666441536e-06,-1.715982768495892395e-06,8.475701482338499025e-06,5.136219539306452172e-07,1.461121719524759258e-05,-1.946999991078130640e-05,6.325110666350377883e-06,3.422061601861888809e-06,-1.181871118431319630e-05,6.148234969268959182e-05,-1.580145490545504096e-05,-3.484966058759823111e-05,-8.553298106672524795e-05,2.328900734403383186e-05,-3.313239601863899778e-05,-1.426186140876298734e-05,3.674707251227959996e-05,2.025500888083588775e-05,-3.886331500468977624e-05,2.698818884331707205e-05,7.460810379709097292e-05,4.392744017049509964e-05,-7.239822712203905150e-05,6.913472305169910000e-05,-1.355575704805684007e-04,-7.691305258899594315e-05,-6.272883953734987672e-06,6.622135023394078878e-06,8.016795810426613792e-05,-1.822250969227787469e-05,-1.004457504807506420e-04,1.586637821072466644e-04,-8.181834042799192980e-05,-2.643036953864736575e-05,2.267788131931548659e-05,-1.602040910607166382e-06,-4.554856603119621658e-05,-1.254029620523686400e-04,8.574393053202485635e-05,1.055571401745130890e-04,1.028788870017790060e-04,3.554094406675169606e-05,1.354058767516710422e-05,-4.089618049215497722e-05,3.220656106392861661e-05,-3.095009327178303810e-05,3.526519220202332158e-05,3.243160180891801542e-05,4.322907709255786472e-05,-5.618097286123972914e-05,7.903340805978181999e-05,5.053948396227910455e-05,-1.133457120317920679e-04,1.826182381991730652e-05,1.244796251433910312e-04,6.320576759380984585e-06,8.019162421424156674e-05,-2.205644788035333927e-05,-6.594497440493571686e-05,1.146164004719916162e-04,3.287495424062945003e-05,-2.221267088536524326e-05,7.981104571814167346e-05,1.491197323685122637e-04,-1.416565771606270036e-04,-5.557529684122042291e-05,1.494082404712654757e-04,2.361821394019597391e-04,3.795112448681933412e-05,4.974934903696595666e-05,5.190422868410475728e-05,5.706634714543617505e-05,9.855682184945624294e-06,-7.906558552024528790e-05,-6.019906239647527244e-05,1.000000000000000888e+00,7.965857174867543801e-05,-6.948274308055521749e-06,-4.183915828471742237e-05,-7.938791460111243269e-05,-1.338292953660469103e-04,1.318707464841196043e-04,-9.733831686132828152e-05,-5.177972428447577199e-05
-1.296940995419781033e-05,-2.033836475909751691e-06,1.953941413831718324e-05,-2.798899877875600701e-06,-1.009122508280289255e-06,-4.987382609296989709e-05,-1.041043003445930551e-06,-6.172816394618851135e-06,1.499190243377791190e-05,5.008360723807290285e-06,-2.309256526472340423e-05,3.736397207006920149e-05,1.445820793972475444e-05,-8.069868664415463264e-08,1.325100159083348540e-07,-3.647669352741561875e-05,-8.661299460716045625e-05,5.152767499563865744e-05,-7.895217909129127504e-06,4.974462012125244057e-05,3.370378818302356016e-05,-1.154451820060026188e-05,8.859580563643667367e-05,1.292752447564418238e-05,-1.197152872298680925e-04,5.519256430078268767e-06,7.355147183490242182e-06,-1.026129543824729390e-05,1.298193196493953029e-05,-1.798708081151891025e-05,-3.832235183214537100e-05,2.719173963012285877e-05,1.083133363872305888e-04,1.238399956803388146e-04,1.650688999205845162e-05,7.447079981911437795e-05,7.136426318915314588e-05,5.546299490124723445e-05,3.500101348109359382e-05,1.737308215793016935e-05,2.236757929849526272e-05,4.584172538167784390e-05,5.438905736877723684e-06,8.626017953620589325e-05,-9.987003165831039053e-06,6.501848304993251208e-05,-2.860952319490710655e-05,7.443678312910651559e-05,-6.484528589803222466e-05,1.990592230992906618e-05,-2.252336576831862893e-05,1.109285164006952959e-04,2.106633127632061612e-05,-4.851924448828108874e-05,3.612425006886867677e-05,-6.781450493983168508e-05,-7.989698862871565804e-06,3.347495417053850467e-06,-8.504379623073664990e-05,3.417116920645239288e-05,-1.554708423434957368e-04,-1.089041538684709019e-04,-7.576135714727587345e-05,-1.760388288404987275e-05,-1.031839295442115324e-04,-4.628885658944568407e-05,-4.840982298204375006e-05,-1.160967364036667726e-04,2.115216958396325467e-04,-5.496793632741577918e-05,-5.865464645589047094e-05,1.531793874267241165e-05,-2.786796107121019352e-05,1.719412277150793767e-05,-1.346466700317719661e-05,7.965857174867543801e-05,9.999999998766996301e-01,-3.844975323645499060e-05,-2.754316574776261885e-06,-1.527119521611608249e-05,-9.485656327271914509e-05,-1.070390312436092517e-04,-5.699818473682127101e-06,-1.138232347657958717e-04
-1.343280345987953138e-05,-9.849004915776478700e-06,-1.151987076338244761e-05,-2.257679197701607118e-05,-1.102866676694348703e-05,-2.019573763052145461e-05,-6.463348340831149422e-06,4.020591167986443483e-06,1.082219053537654806e-05,-4.222471849277704145e-05,3.258128998699615900e-06,2.668145512992139526e-05,-3.275237160334380012e-05,1.121134483526331018e-05,7.933177507223397693e-06,-5.108187220088580290e-05,7.785286642174000322e-06,-3.254495604566305211e-05,-1.299560518624781865e-05,-4.571754350107446428e-05,-3.809364354200128029e-06,-1.756215395936932725e-05,-1.233497171550374774e-04,-9.833301411544121936e-05,1.092647709983300900e-05,1.330422636882980892e-05,-5.130755127699336267e-06,-2.584115291771897280e-05,1.034466256465537554e-04,8.690273796061682488e-06,1.853147274866820754e-05,4.087266510414836254e-05,-5.129253888305334306e-05,6.864269886400629537e-07,3.974253124950707244e-05,2.653450145203962123e-05,-2.972011191557433533e-05,-1.936606287782769082e-05,6.448328008673027002e-05,2.752951165728107841e-05,1.241093917514566972e-05,-3.131262012775262997e-05,9.459178527050339730e-06,6.671402555353788126e-05,6.572751724952035843e-05,-1.189903928268175639e-05,2.948543564668715434e-06,1.164271468981071277e-05,2.313650794503496787e-05,6.408522495926056398e-05,1.177342339228798268e-05,-1.208012555283056251e-05,-2.095430783657666035e-05,2.995971133740502447e-05,5.512728753750751915e-05,5.177010692628438283e-06,1.592824580410189716e-06,-7.481624382743050556e-05,-1.032776960381352575e-04,4.915173857694015748e-05,-7.589099035777398597e-05,-2.099068596033435222e-05,8.627257496406971239e-05,9.237204467555173992e-05,1.133206794123641295e-04,-7.033134088314536153e-05,7.476365857335756648e-05,-1.433376003266398531e-04,6.735322820939412120e-05,2.754994088045176282e-05,-4.652706408333382403e-05,-5.773103380643163280e-05,1.077349683135206431e-04,1.598866493512595918e-06,3.255590780994165598e-05,-6.948274308055521749e-06,-3.844975323645499060e-05,1.000000000000000222e+00,-9.596646824936821670e-05,-9.803209758270766067e-05,1.492553529662207518e-04,8.118995243922182202e-05,2.086179942784116906e-04,-1.071858536367117573e-04
8.217157206424009937e-04,6.115974604846926600e-04,3.446533072911425917e-03,4.313744806580414653e-04,-5.983110523488329759e-04,-1.317464800010425489e-03,-1.195561680511919860e-04,2.041818081843584684e-04,2.129079582664044051e-04,-2.144751478553731661e-03,-3.069473276514600685e-04,2.945588946694823731e-04,4.118846136844464155e-05,-2.448852176552714349e-04,1.076434220352838218e-04,3.717269597106208270e-04,7.139531961649139835e-05,-5.119415519457500875e-04,-1.427162349063586678e-03,-3.989085333328129274e-04,1.665070654502279028e-05,-2.372038380840303011e-04,3.737935685696569359e-04,1.386275776439373751e-04,5.641299359900702051e-05,-3.901258591952139546e-03,7.509909276580909593e-04,3.404023440818302595e-04,-1.405353288324341643e-04,-2.330223516905176838e-05,-3.538989961561083450e-04,2.893474529314000879e-04,-1.003402130868761384e-03,1.871260265119150832e-04,1.289563001104928296e-04,8.002574817031402315e-04,8.510473242423022364e-05,-4.703218946392506467e-04,-3.948712370519533513e-05,1.922652008946464618e-04,1.561141664274914745e-05,-2.013418963088478705e-05,-3.343336516053944506e-04,5.627251227184663874e-06,7.848890241500517360e-05,-1.179988138673876939e-03,-1.006067827732993938e-03,-9.309614664172898880e-04,-1.668092693473742331e-04,-1.217094906130919646e-04,9.123892661853116892e-05,1.351929875317118245e-03,3.585572006449400237e-04,-2.711366368322555499e-04,4.624306676631991441e-05,-2.697104879807005976e-06,4.974550521441373289e-05,-2.117969114635793787e-04,3.557040681088084397e-03,1.250267858213687184e-03,-1.463554422937801908e-03,9.254265999175809165e-04,-1.102128658178621809e-03,3.532627364800696584e-04,-2.621302846637155182e-04,-1.099288825864574992e-03,-7.481445436372993057e-04,-2.681794373246004781e-04,6.714638251798625557e-04,2.994861582205970638e-05,-3.990530310088109866e-04,3.963770228758144864e-05,6.147335541714502765e-05,-6.285239707128650963e-05,-8.039287575612876044e-05,-4.183915828471742237e-05,-2.754316574776261885e-06,-9.596646824936821670e-05,9.999998250923813892e-01,1.001088661932436619e-07,6.901093568822957991e-08,-4.378699955398523969e-08,-1.526691904835120184e-05,-1.156264121116024057e-07
-5.963139290548124735e-04,1.607921754739620630e-04,-2.812957720496435995e-04,2.302608039119653522e-04,5.618064550790978669e-05,-3.631585047001198397e-04,9.570605845757663760e-05,1.964790754117140103e-04,1.337090545956454179e-04,-6.600380624459384468e-06,1.876571766816794687e-04,-1.638041576248051140e-04,-5.681519416466521209e-05,-1.214186321489140342e-04,-4.825045118844628503e-05,-6.932290008082294189e-06,-2.859724587717462924e-04,-3.376407738782329256e-04,2.220538980973993425e-04,1.915453825964479008e-04,-1.321469880140584033e-04,1.306109182932174793e-04,2.134653588132665644e-04,9.461934004086265150e-05,1.976842573152913615e-04,6.642504014565438078e-05,5.017937681777483519e-04,-1.015277273184502773e-04,-8.100220519895356735e-05,1.584991096595517315e-05,5.691736506769140623e-05,-2.640016662159533171e-04,-1.891456414254772864e-04,-1.342008227079672452e-04,3.577532969913727805e-04,1.525215402549313123e-04,3.779213306232952641e-05,-2.239837415066519514e-04,1.520110466353790118e-05,7.820492138841972926e-05,2.361337044444629645e-05,-1.403731465952016142e-05,-1.414717741533611818e-04,-2.845921288008604550e-04,-1.837636767676339403e-04,-9.168284521038566962e-05,-1.617364678288930272e-04,1.161221487439782589e-05,2.754763723039277889e-04,-3.791867950240509306e-05,3.891296769334696542e-05,-7.824103542897723092e-04,1.141348714096723305e-03,1.101738998034857558e-03,-5.436481848918813019e-04,1.599427845283809472e-05,2.583157900584213637e-05,-1.616144057998682919e-04,-1.195288027479590731e-04,-2.055873276760331395e-04,5.594417867009677560e-05,1.039045000825536413e-04,-1.859077606557752588e-04,-4.157744056787417326e-04,1.861329623400213504e-04,-6.839610757057544566e-04,-5.334743600377347961e-05,-1.090247098453570734e-04,1.029111641823233537e-04,8.478769661691683366e-05,4.548746971538973507e-04,5.561253561072179247e-05,-3.080271817423207002e-06,5.157837049707663518e-05,-2.706802758932488700e-05,-7.938791460111243269e-05,-1.527119521611608249e-05,-9.803209758270766067e-05,1.001088661932436619e-07,9.999999999999985567e-01,-6.260222840115403642e-09,-2.972548865387558692e-08,8.489376720002828058e-08,8.113034254825235436e-09
-1.743706914714088143e-03,-1.082710816323033442e-03,3.704196539231706907e-04,1.135420716590061210e-03,1.365084586518893915e-04,1.494238696697653291e-03,-7.600802263486575096e-05,1.257931056567202096e-04,-2.522032399584515981e-04,2.050543030613132737e-04,-4.036719483986417160e-04,-5.614857107144794780e-04,8.087454448743921359e-04,-1.781116932735839426e-04,-2.488305700454775788e-04,-2.303740839348358480e-05,6.319900958537516111e-04,-2.775814845526443711e-04,3.578725523230175815e-04,2.950870404240762794e-05,2.528162661232152830e-03,-1.127997388441392707e-03,-6.774851120136104327e-04,-2.252253200852661393e-04,-1.058638653233566831e-04,-1.753594085138188412e-05,-1.009687799862056578e-03,-1.761981828299265685e-05,-3.259277270615335356e-04,-1.016254931464055915e-04,5.383395437334583065e-04,3.243743086834167131e-05,1.527613257492545663e-04,-7.144649539675711116e-05,-5.997097231332188059e-06,-2.075900432889813503e-04,2.304477440074786162e-04,-3.935994310612081146e-04,-5.883007635067839482e-05,3.111444502691598085e-05,-2.340617292668913758e-04,2.357594725063344508e-05,1.809554686143128861e-04,-2.213163407777994185e-04,2.611473289315197023e-05,-8.547339375065661840e-05,-1.766732975123545737e-03,-4.057754531647500117e-05,3.317342934971499561e-04,-7.236732499650859376e-05,2.379843743915811632e-06,-1.166200758073676364e-03,4.393069048196132620e-04,-3.687618412493107742e-04,2.256585107992544023e-04,-1.460632553557734465e-05,1.298302792286966920e-04,1.121154132580423493e-04,-3.079699758508497309e-04,1.992609003110679469e-03,2.273765478612007306e-03,6.680856656198657685e-04,8.008123188532993708e-04,4.108252729719784335e-04,-1.047880901134700879e-03,2.466257074030010765e-04,-2.444817590074623015e-04,-2.341362540599961975e-03,1.063392774508736469e-03,-5.859320511740365254e-04,-1.328656754300287053e-03,-4.775788054581018004e-05,8.562559081978736160e-05,-2.422356492554792276e-04,3.229690612161028695e-04,-1.338292953660469103e-04,-9.485656327271914509e-05,1.492553529662207518e-04,6.901093568822957991e-08,-6.260222840115403642e-09,9.999999999999986677e-01,-4.769867084641887800e-08,5.365282311486918587e-08,-6.062826422847944485e-08
-1.151611772738512151e-03,2.108837653175570830e-04,-4.105892604569054416e-04,-1.304421657785151379e-04,2.930624229832763010e-04,-5.187336255861492440e-04,1.325763140128520968e-04,3.338222133647712753e-05,1.021698625000765851e-05,6.067075619258732950e-04,-3.843516560533052212e-05,3.983462113325516619e-06,2.107496119219252244e-04,-1.104123952573730439e-03,-5.262244429935495531e-04,-1.910296297903195893e-05,1.419325000248401053e-07,-1.050233828519056556e-05,9.922000834578328151e-06,3.581704605717141165e-04,-2.608661533492852291e-03,2.901857386412910224e-04,1.722370356095749111e-04,-5.266158321388741091e-06,-1.442884245718478297e-03,-1.240150653899007942e-05,-1.222632546294760106e-04,-1.791245561176917338e-04,-1.809666741160969976e-04,3.541864316603204844e-04,7.201444844239884803e-04,4.291664530366994402e-04,-9.559889143856002865e-06,1.862503929313236281e-04,-1.639781605981580710e-04,-1.189447801091646358e-04,-3.122039700046956448e-04,-7.662375533207992431e-04,-6.367999984736673661e-06,4.567858720081922419e-05,3.698925950659542639e-05,1.165324817693382106e-04,1.423393938374585023e-05,2.374110046105780674e-04,-2.545992096730055132e-06,6.977033795837270377e-05,-4.993989798257659520e-04,1.225994308610208351e-05,-8.639308072578590330e-05,3.813991689913289449e-05,-7.641237866339869143e-07,-3.804287787768067522e-04,1.442545845502222427e-03,-1.672144657404849445e-04,4.881056935330178696e-04,2.928448632959483491e-04,-1.403049521728932155e-04,-9.701714788501145678e-05,-2.721995755515791478e-03,2.748557683670483070e-03,2.059034708972705581e-03,1.317693404720834960e-03,5.964322561110776966e-05,-4.796606273573013335e-04,7.342637610744458428e-05,-2.103502592147418922e-04,-1.067384031160313260e-03,-2.279258035162381839e-03,1.875280559485296636e-03,-2.087829014974125214e-04,2.423582392859253021e-04,-1.419279674951811972e-05,-6.305167273626836118e-05,7.325440017076487913e-05,-5.191342359442108450e-05,1.318707464841196043e-04,-1.070390312436092517e-04,8.118995243922182202e-05,-4.378699955398523969e-08,-2.972548865387558692e-08,-4.769867084641887800e-08,9.999999999999981126e-01,1.917614345092744088e-08,8.375824353534788713e-08
1.630368861065364288e-04,1.429798214875860731e-04,4.820308494265883575e-05,5.907802658147720543e-05,1.294604607908380733e-05,2.350225872604423021e-05,2.509378340400583238e-05,3.030387802311901432e-04,2.151274844906517691e-04,-1.604403900587915020e-04,-1.097022979651662540e-05,1.030949841877924333e-05,-2.255970601217345377e-04,2.484073095887205131e-04,-3.134335291102589762e-05,-8.463900494687912925e-05,-1.616755666253672993e-04,-1.025315281274290485e-04,1.664750150654930368e-04,-3.219756081760595957e-04,3.576727076285472979e-04,2.119287977802998373e-04,-1.645989085540277598e-04,-1.984025985917476503e-04,-2.215432807188603102e-04,-7.616929899737934098e-05,-4.044354344117457380e-05,1.420026187377251316e-04,-3.057549212317098807e-04,-6.747002948172199817e-05,-2.888797045274572851e-04,-1.622431238030281166e-04,-1.593361636388430295e-04,2.315743484421006011e-05,2.278028754915040937e-04,-1.743432522678999095e-04,1.662812778850631616e-04,-2.367535408486472009e-05,-3.120516116422405290e-05,-2.699371627028448908e-05,-1.517289891897754010e-05,-9.079468790352839588e-05,1.103487324170049962e-04,9.197469282602591719e-05,-2.549872600017480265e-04,2.919312294488948280e-04,2.017901559089893093e-04,-5.028913617834184294e-05,-1.224103045150266812e-04,-7.932084033395974515e-05,-2.872010934653946885e-05,2.432301911920727944e-04,8.684428218538292718e-05,-1.006573581479955955e-03,6.194332907751669282e-04,3.753866338074605220e-05,5.491200497816514040e-04,6.708888110536492810e-04,1.837177796387725031e-04,-2.358115409223279432e-03,1.538264919950151771e-04,-1.089802553234731422e-04,-1.666353267664680976e-07,-6.993273360049196558e-05,1.488264130244214278e-04,-4.166787412713743310e-05,4.661131676674755940e-04,1.779528266831264388e-03,7.839645486660239138e-05,-5.650422237862259616e-04,-1.357206256862843945e-04,5.436326438380099940e-05,8.446520652641090752e-05,-8.144001925024567737e-06,-9.843250410824614944e-05,-9.733831686132828152e-05,-5.699818473682127101e-06,2.086179942784116906e-04,-1.526691904835120184e-05,8.489376720002828058e-08,5.365282311486918587e-08,1.917614345092744088e-08,9.999999999999967804e-01,-8.879468708402823984e-05
-1.692118201095182224e-04,1.132497434066700439e-04,-1.835574528254329575e-04,-4.247608295870832114e-05,2.691832597694048673e-04,-1.139204482245590247e-05,1.190373546734945452e-05,-2.901788924571234874e-04,-2.867605623249876797e-05,2.133009479051815199e-04,1.106111737632757292e-04,6.959890065469807245e-05,-4.804656758158475267e-05,-2.146737502450798973e-04,-4.641116073343417962e-04,5.747897868277947880e-06,2.311312352264554269e-04,-2.598956808314723671e-04,5.451967744588336138e-04,2.321166565841204996e-05,3.233243753291235173e-04,-1.218516223182146158e-04,5.901565919107758110e-04,-1.817281465093788803e-04,-8.856639349549410168e-05,8.499227673429968948e-07,-3.481575450826867988e-05,1.757714669670404155e-04,6.992194273144477167e-05,1.829351137528828280e-04,-1.951798468103123514e-04,-7.379519664013059130e-06,6.469484479677191260e-05,-3.146312774159727927e-04,-2.706410179761950356e-04,6.909986788248884040e-05,-1.753942928493828948e-04,-4.386319773001692672e-04,6.329442030239891711e-05,8.621361258347767353e-05,5.975396155718761459e-05,-6.807420355459272267e-05,1.598336554103451361e-06,7.750457739152152555e-05,4.777024363096843873e-05,-1.925986146963331019e-04,2.601656646555442799e-04,1.939389474923554606e-04,8.847702612481129873e-05,-2.453803073159095216e-05,1.171335960434899192e-04,9.099593250669769234e-07,-2.940136381045713849e-04,-5.831055663090558509e-04,-9.156393211309343371e-05,5.826624244967233213e-05,6.775220467228975328e-04,-6.177462783787775668e-04,2.976602181756000942e-03,-7.732507935093854354e-04,5.228282927283792181e-04,-5.712228806777032084e-05,-7.931425109576183824e-05,-1.941889591581744123e-04,2.487193630862786012e-04,-2.458630789023510434e-04,2.388915577834205967e-03,7.660686820951181919e-04,4.222506991925778497e-04,-2.641554984905605916e-04,1.442022745975308703e-05,-3.827997946032483446e-05,-3.395914892678120374e-05,5.796702175860658351e-05,4.194401553247025178e-05,-5.177972428447577199e-05,-1.138232347657958717e-04,-1.071858536367117573e-04,-1.156264121116024057e-07,8.113034254825235436e-09,-6.062826422847944485e-08,8.375824353534788713e-08,-8.879468708402823984e-05,1.000000000000000666e+00
